"fips","state","year","months_after_jan20","cases_total","deaths_total","pop_total","cases_per_100000","deaths_per_100000"
1,"Alabama",2020,1,0,0,4876250,0,0
1,"Alabama",2020,2,0,0,4876250,0,0
1,"Alabama",2020,3,999,14,4876250,20.4870546013843,0.287105870289669
1,"Alabama",2020,4,7068,272,4876250,144.947449371956,5.578056908485
1,"Alabama",2020,5,17952,630,4876250,368.15175596001,12.9197641630351
1,"Alabama",2020,6,38045,950,4876250,780.210202512176,19.4821840553704
1,"Alabama",2020,7,87723,1580,4876250,1798.9848756729,32.4019482184055
1,"Alabama",2020,8,126058,2182,4876250,2585.14227121251,44.7475006408613
1,"Alabama",2020,9,154701,2540,4876250,3172.54037426301,52.0892078954114
1,"Alabama",2020,10,192285,2967,4876250,3943.29659061779,60.8459369392463
1,"Alabama",2020,11,249524,3578,4876250,5117.1289412971,73.3760574211741
1,"Alabama",2020,12,361226,4827,4876250,7407.86465008972,98.9900025634453
1,"Alabama",2021,13,459639,7688,4876250,9426.07536529095,157.662137913356
1,"Alabama",2021,14,493252,9930,4876250,10115.3960522943,203.64009228403
1,"Alabama",2021,15,515388,10554,4876250,10569.3514483466,216.436811074084
1,"Alabama",2021,16,527922,10896,4876250,10826.3932325045,223.450397334017
1,"Alabama",2021,17,543405,11146,4876250,11143.9118174827,228.577287874904
1,"Alabama",2021,18,550983,11352,4876250,11299.3181235581,232.801845680595
1,"Alabama",2021,19,585607,11536,4876250,12009.3719559087,236.575237118688
1,"Alabama",2021,20,699729,12283,4876250,14349.7359651371,251.894386054858
1,"Alabama",2021,21,796475,14299,4876250,16333.7605742117,293.23763137657
1,"Alabama",2021,22,817054,15320,4876250,16755.7856959754,314.175852345552
2,"Alaska",2020,1,0,0,737068,0,0
2,"Alaska",2020,2,0,0,737068,0,0
2,"Alaska",2020,3,133,2,737068,18.0444680816424,0.271345384686352
2,"Alaska",2020,4,353,7,737068,47.8924603971411,0.949708846402232
2,"Alaska",2020,5,469,8,737068,63.6304927089495,1.08538153874541
2,"Alaska",2020,6,1132,12,737068,153.581487732475,1.62807230811811
2,"Alaska",2020,7,3675,21,737068,498.597144361172,2.84912653920669
2,"Alaska",2020,8,6075,34,737068,824.211605984794,4.61287153966798
2,"Alaska",2020,9,8707,52,737068,1181.30213223203,7.05498000184515
2,"Alaska",2020,10,16247,77,737068,2204.27423249958,10.4467973104245
2,"Alaska",2020,11,32407,115,737068,4396.7449407653,15.6023596194652
2,"Alaska",2020,12,46740,198,737068,6341.34164012004,26.8631930839488
2,"Alaska",2021,13,53985,253,737068,7324.29029614635,34.3251911628235
2,"Alaska",2021,14,57846,279,737068,7848.12256128336,37.8526811637461
2,"Alaska",2021,15,62559,299,737068,8487.54796029674,40.5661350106096
2,"Alaska",2021,16,67598,330,737068,9171.20265701401,44.7719884732481
2,"Alaska",2021,17,69627,352,737068,9446.48254977831,47.7567877047979
2,"Alaska",2021,18,70669,360,737068,9587.8534951999,48.8421692435433
2,"Alaska",2021,19,74853,372,737068,10155.5080399637,50.4702415516615
2,"Alaska",2021,20,87842,427,737068,11917.7606408093,57.9322396305361
2,"Alaska",2021,21,113835,559,737068,15444.3009328854,75.8410350198353
2,"Alaska",2021,22,131547,674,737068,17847.3356596678,91.4433946393006
4,"Arizona",2020,1,1,0,7050299,0.0141837956092359,0
4,"Arizona",2020,2,1,0,7050299,0.0141837956092359,0
4,"Arizona",2020,3,1298,24,7050299,18.4105667007882,0.340411094621661
4,"Arizona",2020,4,7648,320,7050299,108.477668819436,4.53881459495548
4,"Arizona",2020,5,19936,906,7050299,282.768149265726,12.8505188219677
4,"Arizona",2020,6,79399,1645,7050299,1126.17918757772,23.332343777193
4,"Arizona",2020,7,174108,3695,7050299,2469.51228593284,52.4091247761265
4,"Arizona",2020,8,201866,5033,7050299,2863.22608445401,71.3870433012841
4,"Arizona",2020,9,218511,5654,7050299,3099.31536236974,80.1951803746196
4,"Arizona",2020,10,245962,5979,7050299,3488.67473563887,84.8049139476212
4,"Arizona",2020,11,327046,6640,7050299,4638.75361881815,94.1804028453261
4,"Arizona",2020,12,523829,8879,7050299,7429.88347019041,125.937921214405
4,"Arizona",2021,13,758576,13120,7050299,10759.4869380717,186.091398393175
4,"Arizona",2021,14,817232,15980,7050299,11591.451653327,226.657053835589
4,"Arizona",2021,15,841811,16967,7050299,11940.0751656065,240.656460101905
4,"Arizona",2021,16,862497,17324,7050299,12233.4811615791,245.720075134402
4,"Arizona",2021,17,881450,17628,7050299,12502.306639761,250.03194899961
4,"Arizona",2021,18,894875,17936,7050299,12692.7240958149,254.400558047254
4,"Arizona",2021,19,927235,18246,7050299,13151.7117217298,258.797534686118
4,"Arizona",2021,20,1011923,18787,7050299,14352.9090042848,266.470968110714
4,"Arizona",2021,21,1093583,19984,7050299,15511.157753735,283.44897145497
4,"Arizona",2021,22,1142122,20776,7050299,16199.6250088117,294.682537577484
5,"Arkansas",2020,1,0,0,2999370,0,0
5,"Arkansas",2020,2,0,0,2999370,0,0
5,"Arkansas",2020,3,564,8,2999370,18.8039488292541,0.266722678429137
5,"Arkansas",2020,4,3281,61,2999370,109.38963849075,2.03376042302217
5,"Arkansas",2020,5,7253,133,2999370,241.817448330816,4.4342645288844
5,"Arkansas",2020,6,20777,270,2999370,692.712136215272,9.00189039698337
5,"Arkansas",2020,7,42511,453,2999370,1417.33097283763,15.1031716660499
5,"Arkansas",2020,8,61224,797,2999370,2041.22865801818,26.5722468385028
5,"Arkansas",2020,9,83697,1369,2999370,2790.48600206043,45.642918346186
5,"Arkansas",2020,10,112190,1925,2999370,3740.45216162061,64.180144497011
5,"Arkansas",2020,11,157359,2502,2999370,5246.40174436632,83.4175176787125
5,"Arkansas",2020,12,225138,3676,2999370,7506.17629702238,122.559070738188
5,"Arkansas",2021,13,295268,4868,2999370,9844.33397680179,162.30074982413
5,"Arkansas",2021,14,322415,5417,2999370,10749.4240457163,180.604593631329
5,"Arkansas",2021,15,330398,5626,2999370,11015.5799384537,187.57272360529
5,"Arkansas",2021,16,335725,5739,2999370,11193.1839019527,191.340181438102
5,"Arkansas",2021,17,341381,5833,2999370,11381.7568356021,194.474172909644
5,"Arkansas",2021,18,349385,5909,2999370,11648.6128753705,197.008038354721
5,"Arkansas",2021,19,386452,6141,2999370,12884.4390655371,204.742996029166
5,"Arkansas",2021,20,452891,6934,2999370,15099.5375695563,231.181881528454
5,"Arkansas",2021,21,496077,7691,2999370,16539.3732683864,256.420514974811
5,"Arkansas",2021,22,508937,8237,2999370,16968.1299739612,274.6243377776
6,"California",2020,1,3,0,39283497,0.00763679465705408,0
6,"California",2020,2,28,0,39283497,0.0712767501325048,0
6,"California",2020,3,8583,184,39283497,21.8488695138317,0.468390072299317
6,"California",2020,4,50470,2057,39283497,128.47634211384,5.23629553652008
6,"California",2020,5,113114,4242,39283497,287.942796946005,10.7984276450745
6,"California",2020,6,232153,6083,39283497,590.968263339692,15.4848739662867
6,"California",2020,7,502273,9222,39283497,1278.58525426084,23.4755067757842
6,"California",2020,8,712543,13020,39283497,1813.84819177376,33.1436888116147
6,"California",2020,9,821126,15898,39283497,2090.2568831894,40.4699204859486
6,"California",2020,10,935262,17661,39283497,2380.80128151524,44.9578101460774
6,"California",2020,11,1237238,19209,39283497,3149.51084930143,48.8983961891173
6,"California",2020,12,2307860,25965,39283497,5874.88430574294,66.0964577568031
6,"California",2021,13,3324064,40928,39283497,8461.73139830194,104.18624390797
6,"California",2021,14,3569578,52213,39283497,9086.71139944593,132.913319809588
6,"California",2021,15,3669048,59260,39283497,9339.92205429165,150.852150459008
6,"California",2021,16,3742224,61756,39283497,9526.19874956652,157.205963613677
6,"California",2021,17,3789883,63249,39283497,9647.5194150867,161.006541754671
6,"California",2021,18,3818311,63662,39283497,9719.88568125694,162.057873819126
6,"California",2021,19,4037490,64417,39283497,10277.8273533031,163.979800474484
6,"California",2021,20,4449186,65863,39283497,11325.8399576799,167.660735499184
6,"California",2021,21,4739046,69278,39283497,12063.7070574445,176.353953417131
6,"California",2021,22,4860797,71369,39283497,12373.6361862082,181.676799293098
8,"Colorado",2020,1,0,0,5610349,0,0
8,"Colorado",2020,2,0,0,5610349,0,0
8,"Colorado",2020,3,2990,69,5610349,53.2943672488111,1.2298700134341
8,"Colorado",2020,4,15207,775,5610349,271.05265643902,13.8137573972671
8,"Colorado",2020,5,26364,1445,5610349,469.917290350386,25.7559734697432
8,"Colorado",2020,6,32698,1690,5610349,582.815792743018,30.1229032275889
8,"Colorado",2020,7,46948,1841,5610349,836.8106868218,32.8143578946693
8,"Colorado",2020,8,57797,1952,5610349,1030.18546618045,34.7928444380198
8,"Colorado",2020,9,71090,2061,5610349,1267.12259789899,36.7356825751838
8,"Colorado",2020,10,107844,2309,5610349,1922.23335838822,41.1560849423093
8,"Colorado",2020,11,234502,3060,5610349,4179.81127377281,54.5420614653384
8,"Colorado",2020,12,335579,4879,5610349,5981.42824982902,86.9642868919563
8,"Colorado",2021,13,397138,5711,5610349,7078.66836804627,101.794023865538
8,"Colorado",2021,14,430970,6045,5610349,7681.69680709703,107.747307698683
8,"Colorado",2021,15,464782,6175,5610349,8284.36876208592,110.064454100806
8,"Colorado",2021,16,513752,6432,5610349,9157.21998756227,114.64527429577
8,"Colorado",2021,17,546168,6723,5610349,9735.00935503299,119.832117395905
8,"Colorado",2021,18,560927,6947,5610349,9998.07676848624,123.824738888793
8,"Colorado",2021,19,578499,7097,5610349,10311.2836652408,126.49836935278
8,"Colorado",2021,20,619083,7319,5610349,11034.6611235772,130.455342439481
8,"Colorado",2021,21,674847,7731,5610349,12028.609984869,137.798914113899
8,"Colorado",2021,22,721073,8174,5610349,12852.5515970575,145.695036084208
9,"Connecticut",2020,1,0,0,3575074,0,0
9,"Connecticut",2020,2,0,0,3575074,0,0
9,"Connecticut",2020,3,3128,69,3575074,87.4946924175556,1.93002997979902
9,"Connecticut",2020,4,27700,2257,3575074,774.809136817867,63.1315603537158
9,"Connecticut",2020,5,42201,3944,3575074,1180.42311851447,110.319394787353
9,"Connecticut",2020,6,46514,4322,3575074,1301.0639779764,120.892602502773
9,"Connecticut",2020,7,49810,4432,3575074,1393.25787382303,123.969461890859
9,"Connecticut",2020,8,52879,4465,3575074,1479.10225075061,124.892519707284
9,"Connecticut",2020,9,57550,4508,3575074,1609.75688894831,126.095292013536
9,"Connecticut",2020,10,71207,4616,3575074,1991.76296770361,129.116208503656
9,"Connecticut",2020,11,117295,5020,3575074,3280.91110841342,140.416673892624
9,"Connecticut",2020,12,185708,5995,3575074,5194.52184765966,167.688836650654
9,"Connecticut",2021,13,250023,7046,3575074,6993.50558897522,197.086829531361
9,"Connecticut",2021,14,279946,7622,3575074,7830.4952568814,213.198384145335
9,"Connecticut",2021,15,310888,7886,3575074,8695.98783130083,220.58284667674
9,"Connecticut",2021,16,339233,8097,3575074,9488.83855271248,226.484822412068
9,"Connecticut",2021,17,347341,8238,3575074,9715.63106106335,230.428796718613
9,"Connecticut",2021,18,349352,8278,3575074,9771.88164496735,231.547654677917
9,"Connecticut",2021,19,354335,8293,3575074,9911.26337524762,231.967226412656
9,"Connecticut",2021,20,373072,8358,3575074,10435.3644148345,233.785370596525
9,"Connecticut",2021,21,390345,8629,3575074,10918.5152531108,241.365633270808
9,"Connecticut",2021,22,399773,8721,3575074,11182.2300741187,243.939006577206
10,"Delaware",2020,1,0,0,957248,0,0
10,"Delaware",2020,2,0,0,957248,0,0
10,"Delaware",2020,3,319,10,957248,33.3246974660694,1.04466136257271
10,"Delaware",2020,4,4734,152,957248,494.54268904192,15.8788527111052
10,"Delaware",2020,5,9498,366,957248,992.219362171558,38.2346058701611
10,"Delaware",2020,6,11474,509,957248,1198.64444741593,53.1732633549509
10,"Delaware",2020,7,14788,585,957248,1544.84522297252,61.1126897105034
10,"Delaware",2020,8,17429,605,957248,1820.74028882797,63.2020124356489
10,"Delaware",2020,9,20613,636,957248,2153.36046667112,66.4404626596243
10,"Delaware",2020,10,24951,708,957248,2606.53456575516,73.9620244701478
10,"Delaware",2020,11,35654,772,957248,3724.63562211673,80.6478571906131
10,"Delaware",2020,12,57456,926,957248,6002.20632479775,96.7356421742328
10,"Delaware",2021,13,78071,1090,957248,8155.77572374139,113.868088520425
10,"Delaware",2021,14,86799,1422,957248,9067.55616099485,148.550845757839
10,"Delaware",2021,15,94802,1559,957248,9903.59864946179,162.862706425085
10,"Delaware",2021,16,104405,1625,957248,10906.7869559404,169.757471418065
10,"Delaware",2021,17,108866,1661,957248,11372.810389784,173.518252323327
10,"Delaware",2021,18,109744,1694,957248,11464.5316574179,176.965634819817
10,"Delaware",2021,19,111407,1833,957248,11638.2588420138,191.486427759577
10,"Delaware",2021,20,119852,1880,957248,12520.4753627064,196.396336163669
10,"Delaware",2021,21,132963,1954,957248,13890.1308751755,204.126830246707
10,"Delaware",2021,22,141323,2045,957248,14763.4677742863,213.633248646119
11,"District of Columbia",2020,1,0,0,692683,0,0
11,"District of Columbia",2020,2,0,0,692683,0,0
11,"District of Columbia",2020,3,495,9,692683,71.4612600569092,1.29929563739835
11,"District of Columbia",2020,4,4323,224,692683,624.095004497007,32.3380247530256
11,"District of Columbia",2020,5,8801,466,692683,1270.56676719365,67.2746407808478
11,"District of Columbia",2020,6,10327,551,692683,1490.86956082364,79.5457662451655
11,"District of Columbia",2020,7,12126,585,692683,1750.58432212137,84.4542164308926
11,"District of Columbia",2020,8,13992,607,692683,2019.97161760863,87.6302724334219
11,"District of Columbia",2020,9,15326,627,692683,2212.55610430745,90.5175960720849
11,"District of Columbia",2020,10,17266,646,692683,2492.62649725776,93.2605535288148
11,"District of Columbia",2020,11,21552,680,692683,3111.37995302324,98.1690037145419
11,"District of Columbia",2020,12,28983,786,692683,4184.16505096848,113.471818999456
11,"District of Columbia",2021,13,36872,913,692683,5323.0698602391,131.806324104966
11,"District of Columbia",2021,14,40598,1017,692683,5860.97825412201,146.820407026013
11,"District of Columbia",2021,15,44513,1064,692683,6426.1718563903,153.605617576871
11,"District of Columbia",2021,16,47697,1105,692683,6885.83377966545,159.524631036131
11,"District of Columbia",2021,17,48898,1132,692683,7059.21756416716,163.422517948326
11,"District of Columbia",2021,18,49347,1141,692683,7124.03797985514,164.721813585724
11,"District of Columbia",2021,19,50398,1149,692683,7275.76683706688,165.876743041189
11,"District of Columbia",2021,20,55431,1160,692683,8002.36183073643,167.464771042454
11,"District of Columbia",2021,21,61153,1174,692683,8828.42512375791,169.485897589518
11,"District of Columbia",2021,22,63474,1186,692683,9163.49903202475,171.218291772716
12,"Florida",2020,1,0,0,20901636,0,0
12,"Florida",2020,2,0,0,20901636,0,0
12,"Florida",2020,3,6742,85,20901636,32.2558482981906,0.406666731733344
12,"Florida",2020,4,33683,1267,20901636,161.150064999697,6.06172646007231
12,"Florida",2020,5,56155,2450,20901636,268.663180241011,11.7215705029023
12,"Florida",2020,6,152426,3504,20901636,729.253920602196,16.7642379763957
12,"Florida",2020,7,470378,6842,20901636,2250.43628163843,32.7342797472887
12,"Florida",2020,8,623463,11186,20901636,2982.84306549018,53.517341896108
12,"Florida",2020,9,706508,14316,20901636,3380.15646239366,68.4922462528771
12,"Florida",2020,10,802539,16760,20901636,3839.59896727701,80.1851108688334
12,"Florida",2020,11,999311,18596,20901636,4781.01809829623,88.9691122742737
12,"Florida",2020,12,1323307,21672,20901636,6331.11685611595,103.68566364853
12,"Florida",2021,13,1721369,26478,20901636,8235.57065102464,126.679079092182
12,"Florida",2021,14,1909213,30851,20901636,9134.27542226838,147.60088636124
12,"Florida",2021,15,2057727,33424,20901636,9844.81310458186,159.910927546533
12,"Florida",2021,16,2233510,35160,20901636,10685.8142587499,168.216497502875
12,"Florida",2021,17,2320810,36773,20901636,11103.4849138125,175.933596776826
12,"Florida",2021,18,2329859,37877,20901636,11146.7781756414,181.215479974869
12,"Florida",2021,19,2590699,39079,20901636,12394.7187674687,186.966225993028
12,"Florida",2021,20,3250454,44561,20901636,15551.1941744656,213.193838032583
12,"Florida",2021,21,3570752,55009,20901636,17083.6005372977,263.180355834347
12,"Florida",2021,22,3633097,58608,20901636,17381.8786242378,280.399103687386
13,"Georgia",2020,1,0,0,10403847,0,0
13,"Georgia",2020,2,0,0,10403847,0,0
13,"Georgia",2020,3,4116,126,10403847,39.5622888341207,1.2110904745139
13,"Georgia",2020,4,25431,1121,10403847,244.438427439389,10.7748604915086
13,"Georgia",2020,5,45051,2019,10403847,433.022515613696,19.4062830797108
13,"Georgia",2020,6,77280,2758,10403847,742.802157701858,26.5094248310264
13,"Georgia",2020,7,171342,3674,10403847,1646.91003241397,35.3138603441592
13,"Georgia",2020,8,254238,5506,10403847,2443.69222269416,52.9227313704248
13,"Georgia",2020,9,301485,6861,10403847,2897.82231514939,65.9467598860306
13,"Georgia",2020,10,372631,7790,10403847,3581.66551276658,74.8761491782799
13,"Georgia",2020,11,454328,9198,10403847,4366.92311988056,88.4096046395146
13,"Georgia",2020,12,644065,10588,10403847,6190.6427497444,101.770047175819
13,"Georgia",2021,13,885249,13778,10403847,8508.86215454726,132.431782205179
13,"Georgia",2021,14,981844,16757,10403847,9437.31679252876,161.065421281186
13,"Georgia",2021,15,1035186,18473,10403847,9950.03098373131,177.559320124565
13,"Georgia",2021,16,1075835,19564,10403847,10340.7422273703,188.04582574119
13,"Georgia",2021,17,1099169,20180,10403847,10565.0246490553,193.96671250548
13,"Georgia",2021,18,1110094,20729,10403847,10670.033882659,199.243606715862
13,"Georgia",2021,19,1153494,20978,10403847,11087.1872683249,201.636952177401
13,"Georgia",2021,20,1372605,22007,10403847,13193.2447680171,211.527524385931
13,"Georgia",2021,21,1544381,25224,10403847,14844.3263342877,242.448778802687
13,"Georgia",2021,22,1587865,27356,10403847,15262.2871136033,262.941198577795
15,"Hawaii",2020,1,0,0,1422094,0,0
15,"Hawaii",2020,2,0,0,1422094,0,0
15,"Hawaii",2020,3,224,1,1422094,15.7514200889674,0.0703188396828902
15,"Hawaii",2020,4,609,16,1422094,42.8241733668801,1.12510143492624
15,"Hawaii",2020,5,642,17,1422094,45.1446950764155,1.19542027460913
15,"Hawaii",2020,6,901,18,1422094,63.357274554284,1.26573911429202
15,"Hawaii",2020,7,2088,25,1422094,146.825737257875,1.75797099207225
15,"Hawaii",2020,8,8447,69,1422094,593.983238801373,4.85199993811942
15,"Hawaii",2020,9,12555,135,1422094,882.853032218686,9.49304335719017
15,"Hawaii",2020,10,15207,218,1422094,1069.33859505771,15.3295070508701
15,"Hawaii",2020,11,18006,242,1422094,1266.16102733012,17.0171592032594
15,"Hawaii",2020,12,21459,286,1422094,1508.97198075514,20.1111881493066
15,"Hawaii",2021,13,25786,407,1422094,1813.24160006301,28.6197677509363
15,"Hawaii",2021,14,27473,436,1422094,1931.86948260804,30.6590141017401
15,"Hawaii",2021,15,29779,460,1422094,2094.02472691679,32.3466662541295
15,"Hawaii",2021,16,32767,480,1422094,2304.13741988926,33.7530430477873
15,"Hawaii",2021,17,35035,497,1422094,2463.62054829006,34.9484633223964
15,"Hawaii",2021,18,36391,514,1422094,2558.97289490006,36.1438835970055
15,"Hawaii",2021,19,40643,534,1422094,2857.9686012317,37.5502603906633
15,"Hawaii",2021,20,61353,586,1422094,4314.27177106436,41.2068400541736
15,"Hawaii",2021,21,76784,779,1422094,5399.36178621104,54.7783761129714
15,"Hawaii",2021,22,80281,877,1422094,5645.26676858211,61.6696224018947
16,"Idaho",2020,1,0,0,1717750,0,0
16,"Idaho",2020,2,0,0,1717750,0,0
16,"Idaho",2020,3,526,9,1717750,30.6214524814437,0.523941202153981
16,"Idaho",2020,4,2016,63,1717750,117.362829282492,3.66758841507786
16,"Idaho",2020,5,2855,82,1717750,166.205792461068,4.77368650851404
16,"Idaho",2020,6,6124,92,1717750,356.51288022122,5.35584339979625
16,"Idaho",2020,7,20853,193,1717750,1213.97176539077,11.2356280017465
16,"Idaho",2020,8,32256,364,1717750,1877.80526851987,21.1905108426721
16,"Idaho",2020,9,42549,469,1717750,2477.01935671664,27.3031582011352
16,"Idaho",2020,10,64797,630,1717750,3772.20200844127,36.6758841507786
16,"Idaho",2020,11,102158,937,1717750,5947.1983699607,54.5481007131422
16,"Idaho",2020,12,141388,1438,1717750,8230.99985446078,83.7141609663804
16,"Idaho",2021,13,162762,1727,1717750,9475.30199388735,100.538495124436
16,"Idaho",2021,14,171209,1862,1717750,9967.04991995343,108.397613156746
16,"Idaho",2021,15,180643,1965,1717750,10516.2567311891,114.393829136952
16,"Idaho",2021,16,187726,2048,1717750,10928.5984572842,119.225731334595
16,"Idaho",2021,17,192084,2092,1717750,11182.302430505,121.787221656236
16,"Idaho",2021,18,195074,2154,1717750,11356.3673409984,125.396594382186
16,"Idaho",2021,19,200564,2199,1717750,11675.9714743123,128.016300392956
16,"Idaho",2021,20,221463,2364,1717750,12892.621161403,137.621889099112
16,"Idaho",2021,21,257372,2908,1717750,14983.0883423083,169.291223984864
16,"Idaho",2021,22,282865,3378,1717750,16467.180905254,196.652597875127
17,"Illinois",2020,1,2,0,12770631,0.0156609332772985,0
17,"Illinois",2020,2,3,0,12770631,0.0234913999159478,0
17,"Illinois",2020,3,5992,107,12770631,46.9201560987863,0.83785993033547
17,"Illinois",2020,4,52918,2361,12770631,414.372633584041,18.4877317338509
17,"Illinois",2020,5,120588,5426,12770631,944.260311021437,42.4881119813109
17,"Illinois",2020,6,144661,7136,12770631,1132.76313441364,55.8782099334011
17,"Illinois",2020,7,180701,7703,12770631,1414.97315207056,60.3180845175152
17,"Illinois",2020,8,237682,8258,12770631,1861.16097160743,64.6639935019656
17,"Illinois",2020,9,296935,8935,12770631,2325.13961134732,69.9652194163311
17,"Illinois",2020,10,416557,10030,12770631,3261.83569159582,78.539580385652
17,"Illinois",2020,11,727825,13015,12770631,5699.2093812749,101.91352330202
17,"Illinois",2020,12,965840,17979,12770631,7562.977898273,140.783959696275
17,"Illinois",2021,13,1128505,21242,12770631,8836.72075404888,166.334772338188
17,"Illinois",2021,14,1189922,22735,12770631,9317.6445235948,178.025659029691
17,"Illinois",2021,15,1248133,23579,12770631,9773.46381709721,184.634572872711
17,"Illinois",2021,16,1338687,24291,12770631,10482.5438930935,190.209865119429
17,"Illinois",2021,17,1386189,25223,12770631,10854.5067193626,197.50786002665
17,"Illinois",2021,18,1395863,25674,12770631,10930.2586536249,201.039400480681
17,"Illinois",2021,19,1423574,25916,12770631,11147.2487146485,202.934373407234
17,"Illinois",2021,20,1527348,26500,12770631,11959.8475596077,207.507365924205
17,"Illinois",2021,21,1632653,27665,12770631,12784.4348489906,216.629859558232
17,"Illinois",2021,22,1683225,28382,12770631,13180.4372078404,222.244304138143
18,"Indiana",2020,1,0,0,6665703,0,0
18,"Indiana",2020,2,0,0,6665703,0,0
18,"Indiana",2020,3,2177,61,6665703,32.6597209626652,0.915132282371417
18,"Indiana",2020,4,18099,1114,6665703,271.524248830168,16.712415779701
18,"Indiana",2020,5,35429,2134,6665703,531.511830035032,32.0146277144361
18,"Indiana",2020,6,46740,2640,6665703,701.201358656394,39.6057250075498
18,"Indiana",2020,7,67800,2965,6665703,1017.14702860298,44.4814297906762
18,"Indiana",2020,8,96277,3296,6665703,1444.3637827848,49.4471475851834
18,"Indiana",2020,9,122295,3632,6665703,1834.69020446906,54.487876222508
18,"Indiana",2020,10,181837,4332,6665703,2727.94932507494,64.9893942169341
18,"Indiana",2020,11,341694,5723,6665703,5126.1509851249,85.8574106887151
18,"Indiana",2020,12,514455,8263,6665703,7717.94062831782,123.962918839918
18,"Indiana",2021,13,629793,9974,6665703,9448.26074609085,149.631629252008
18,"Indiana",2021,14,664880,12573,6665703,9974.64183447717,188.622265348456
18,"Indiana",2021,15,689785,13039,6665703,10348.2708425503,195.613275899031
18,"Indiana",2021,16,723741,13332,6665703,10857.6844782913,200.008911288127
18,"Indiana",2021,17,747032,13620,6665703,11207.099986303,204.329535834405
18,"Indiana",2021,18,757279,13850,6665703,11360.8272075729,207.780034604002
18,"Indiana",2021,19,774662,14005,6665703,11621.6099037116,210.105370731339
18,"Indiana",2021,20,861937,14491,6665703,12930.9241650881,217.396424653184
18,"Indiana",2021,21,966199,15658,6665703,14495.0802638521,234.903955366748
18,"Indiana",2021,22,1009338,16449,6665703,15142.2588135115,246.77067070045
19,"Iowa",2020,1,0,0,3139508,0,0
19,"Iowa",2020,2,0,0,3139508,0,0
19,"Iowa",2020,3,498,7,3139508,15.8623580510067,0.222964872202906
19,"Iowa",2020,4,7145,162,3139508,227.583430269966,5.16004418526725
19,"Iowa",2020,5,19621,537,3139508,624.970536784745,17.1045909104229
19,"Iowa",2020,6,29152,717,3139508,928.553136351301,22.8379733384976
19,"Iowa",2020,7,44753,872,3139508,1425.47813224238,27.775052651562
19,"Iowa",2020,8,65252,1120,3139508,2078.41483442629,35.6743795524649
19,"Iowa",2020,9,89248,1358,3139508,2842.73841633785,43.2551852073637
19,"Iowa",2020,10,128798,1716,3139508,4102.48994428426,54.6582458143123
19,"Iowa",2020,11,230634,2426,3139508,7346.18290509214,77.273254280607
19,"Iowa",2020,12,281712,3891,3139508,8973.12572543214,123.936616820215
19,"Iowa",2021,13,319408,4901,3139508,10173.8234143694,156.107262666634
19,"Iowa",2021,14,336455,5470,3139508,10716.8065824327,174.231121564271
19,"Iowa",2021,15,351402,5743,3139508,11192.9002888351,182.926751580184
19,"Iowa",2021,16,364841,5950,3139508,11620.96099134,189.52014137247
19,"Iowa",2021,17,371424,6055,3139508,11830.6435275846,192.864614455513
19,"Iowa",2021,18,373861,6138,3139508,11908.2671552358,195.508340797348
19,"Iowa",2021,19,379797,6183,3139508,12097.3413668639,196.941686404367
19,"Iowa",2021,20,404747,6268,3139508,12892.0518756442,199.649116995402
19,"Iowa",2021,21,452057,6563,3139508,14398.9758904898,209.045493752524
19,"Iowa",2021,22,476713,6848,3139508,15184.3218746377,218.123349263643
20,"Kansas",2020,1,0,0,2910652,0,0
20,"Kansas",2020,2,0,0,2910652,0,0
20,"Kansas",2020,3,435,10,2910652,14.9451050829848,0.343565634091606
20,"Kansas",2020,4,4305,133,2910652,147.905005476436,4.56942293341835
20,"Kansas",2020,5,9878,211,2910652,339.374133355688,7.24923487933288
20,"Kansas",2020,6,14629,276,2910652,502.60216611261,9.48241150092831
20,"Kansas",2020,7,28121,358,2910652,966.140919629004,12.2996497004795
20,"Kansas",2020,8,43407,451,2910652,1491.31534790143,15.4948100975314
20,"Kansas",2020,9,60957,678,2910652,2094.2730357322,23.2937499914109
20,"Kansas",2020,10,86771,1029,2910652,2981.15336357627,35.3529037480262
20,"Kansas",2020,11,160428,1560,2910652,5511.75475460481,53.5962389182905
20,"Kansas",2020,12,225455,2741,2910652,7745.85900341229,94.1713403045091
20,"Kansas",2021,13,277633,3779,2910652,9538.51576897547,129.833453123218
20,"Kansas",2021,14,296798,4735,2910652,10196.959306712,162.678327742375
20,"Kansas",2021,15,304657,4913,2910652,10466.9675385446,168.793796029206
20,"Kansas",2021,16,311213,5025,2910652,10692.2091682551,172.641731131032
20,"Kansas",2021,17,315860,5114,2910652,10851.8641184175,175.699465274447
20,"Kansas",2021,18,319584,5188,2910652,10979.8079605532,178.241850966725
20,"Kansas",2021,19,334159,5294,2910652,11480.5548722417,181.883646688096
20,"Kansas",2021,20,370128,5589,2910652,12716.3261015058,192.018832893798
20,"Kansas",2021,21,410041,6079,2910652,14087.5996168556,208.853548964287
20,"Kansas",2021,22,428023,6214,2910652,14705.3993400791,213.491685024524
21,"Kentucky",2020,1,0,0,4449052,0,0
21,"Kentucky",2020,2,0,0,4449052,0,0
21,"Kentucky",2020,3,590,18,4449052,13.2612520599894,0.404580571321711
21,"Kentucky",2020,4,4708,240,4449052,105.820296099034,5.39440761762281
21,"Kentucky",2020,5,9937,441,4449052,223.350952067991,9.91222399738191
21,"Kentucky",2020,6,15916,588,4449052,357.739131842019,13.2162986631759
21,"Kentucky",2020,7,30981,753,4449052,696.350593339885,16.9249539002916
21,"Kentucky",2020,8,50884,965,4449052,1143.70432172966,21.6900139625251
21,"Kentucky",2020,9,72830,1208,4449052,1636.97794496446,27.1518516753681
21,"Kentucky",2020,10,109244,1551,4449052,2455.44444074828,34.8613592288874
21,"Kentucky",2020,11,183255,2065,4449052,4118.96736653112,46.4143822099629
21,"Kentucky",2020,12,268828,2956,4449052,6042.36587929294,66.4411204903876
21,"Kentucky",2021,13,366857,3977,4449052,8245.73414740938,89.3898295636913
21,"Kentucky",2021,14,408392,4786,4449052,9179.30381573423,107.573478574762
21,"Kentucky",2021,15,430116,6151,4449052,9667.58761192272,138.254171899991
21,"Kentucky",2021,16,447473,6620,4449052,10057.7156661689,148.795743452763
21,"Kentucky",2021,17,460060,6938,4449052,10340.6298690148,155.943333546113
21,"Kentucky",2021,18,465942,7267,4449052,10472.8378090434,163.338167321937
21,"Kentucky",2021,19,483719,7378,4449052,10872.4060766204,165.833080845088
21,"Kentucky",2021,20,579693,7826,4449052,13029.5847295109,175.902641731317
21,"Kentucky",2021,21,696861,8858,4449052,15663.1345284344,199.098594487095
21,"Kentucky",2021,22,738717,9637,4449052,16603.9192169478,216.607942545963
22,"Louisiana",2020,1,0,0,4664362,0,0
22,"Louisiana",2020,2,0,0,4664362,0,0
22,"Louisiana",2020,3,5237,240,4664362,112.276877309265,5.14539823452811
22,"Louisiana",2020,4,28044,1905,4664362,601.23978370461,40.8415984865669
22,"Louisiana",2020,5,40021,2791,4664362,858.016594766873,59.8366936356998
22,"Louisiana",2020,6,58203,3221,4664362,1247.823389351,69.0555321392293
22,"Louisiana",2020,7,116394,3949,4664362,2495.38950879027,84.6632401172979
22,"Louisiana",2020,8,148894,4950,4664362,3192.16218638262,106.123838587142
22,"Louisiana",2020,9,167458,5511,4664362,3590.15873982337,118.151206960352
22,"Louisiana",2020,10,186649,5919,4664362,4001.59764615182,126.898383959049
22,"Louisiana",2020,11,232414,6420,4664362,4982.7607719984,137.639402773627
22,"Louisiana",2020,12,315275,7488,4664362,6759.23095162854,160.536424917277
22,"Louisiana",2021,13,400626,8859,4664362,8589.08463794191,189.929512332019
22,"Louisiana",2021,14,430100,9608,4664362,9220.98241946058,205.987442655609
22,"Louisiana",2021,15,444933,10141,4664362,9538.98946951373,217.414514568123
22,"Louisiana",2021,16,458581,10382,4664362,9831.5911157839,222.581351961962
22,"Louisiana",2021,17,470685,10576,4664362,10091.0907000786,226.740548868205
22,"Louisiana",2021,18,481467,10738,4664362,10322.2477157648,230.213692676512
22,"Louisiana",2021,19,541679,10999,4664362,11613.1423761706,235.809313256561
22,"Louisiana",2021,20,679796,12359,4664362,14574.2547426636,264.966569918887
22,"Louisiana",2021,21,740533,13949,4664362,15876.4049617075,299.054833222636
22,"Louisiana",2021,22,754950,14446,4664362,16185.4933214875,309.710095399971
23,"Maine",2020,1,0,0,1335492,0,0
23,"Maine",2020,2,0,0,1335492,0,0
23,"Maine",2020,3,303,5,1335492,22.6882676946024,0.374393856346575
23,"Maine",2020,4,1095,53,1335492,81.9922545398999,3.96857487727369
23,"Maine",2020,5,2325,89,1335492,174.093143201157,6.66421064296903
23,"Maine",2020,6,3253,105,1335492,243.580642939082,7.86227098327807
23,"Maine",2020,7,3912,123,1335492,292.92575320556,9.21008886612574
23,"Maine",2020,8,4526,132,1335492,338.90131876492,9.88399780754958
23,"Maine",2020,9,5391,141,1335492,403.671455912877,10.5579067489734
23,"Maine",2020,10,6668,147,1335492,499.291646823792,11.0071793765893
23,"Maine",2020,11,11757,194,1335492,880.349713813336,14.5264816262471
23,"Maine",2020,12,24201,347,1335492,1812.14114348869,25.9829336304523
23,"Maine",2021,13,39324,590,1335492,2944.53280139454,44.1784750488958
23,"Maine",2021,14,44634,703,1335492,3342.13907683461,52.6397762023284
23,"Maine",2021,15,50504,743,1335492,3781.67746418548,55.634927053101
23,"Maine",2021,16,61213,784,1335492,4583.55422570858,58.7049566751429
23,"Maine",2021,17,67780,825,1335492,5075.28311663417,61.7749862971849
23,"Maine",2021,18,69033,858,1335492,5169.10621703462,64.2459857490722
23,"Maine",2021,19,70463,900,1335492,5276.18285994974,67.3908941423835
23,"Maine",2021,20,75856,932,1335492,5680.00407340516,69.7870148230016
23,"Maine",2021,21,89989,1022,1335492,6738.26574775439,76.5261042372399
23,"Maine",2021,22,99807,1113,1335492,7473.42552407652,83.3400724227476
24,"Maryland",2020,1,0,0,6018848,0,0
24,"Maryland",2020,2,0,0,6018848,0,0
24,"Maryland",2020,3,1662,18,6018848,27.6132575536049,0.299060551122075
24,"Maryland",2020,4,21825,1139,6018848,362.610918235516,18.9238870960024
24,"Maryland",2020,5,53456,2532,6018848,888.143378932314,42.0678508578386
24,"Maryland",2020,6,68152,3190,6018848,1132.30970444843,53.0001754488567
24,"Maryland",2020,7,88907,3493,6018848,1477.14313436724,58.0343613927449
24,"Maryland",2020,8,108742,3755,6018848,1806.69124722871,62.3873538590774
24,"Maryland",2020,9,125217,3949,6018848,2080.41472388072,65.6105620211708
24,"Maryland",2020,10,145593,4147,6018848,2418.95126775091,68.9002280835137
24,"Maryland",2020,11,198710,4641,6018848,3301.46233963709,77.1077787643084
24,"Maryland",2020,12,276834,5895,6018848,4599.45158940714,97.9423304924796
24,"Maryland",2021,13,354649,7127,6018848,5892.30696638294,118.411363769279
24,"Maryland",2021,14,382281,7869,6018848,6351.39814130545,130.739304265534
24,"Maryland",2021,15,411529,8286,6018848,6837.33830792869,137.667540366529
24,"Maryland",2021,16,447590,8744,6018848,7436.47289315165,145.276969945079
24,"Maryland",2021,17,460106,9614,6018848,7644.41966303186,159.731563249313
24,"Maryland",2021,18,462496,9741,6018848,7684.12825843085,161.84160158223
24,"Maryland",2021,19,468767,9825,6018848,7788.31763154677,163.237217487466
24,"Maryland",2021,20,497225,10014,6018848,8261.13236287077,166.377353274248
24,"Maryland",2021,21,532570,10442,6018848,8848.37098394909,173.488348600928
24,"Maryland",2021,22,553824,10771,6018848,9201.49503692401,178.954510896437
25,"Massachusetts",2020,1,0,0,6850553,0,0
25,"Massachusetts",2020,2,1,0,6850553,0.0145973617020407,0
25,"Massachusetts",2020,3,6620,89,6850553,96.6345344675094,1.29916519148162
25,"Massachusetts",2020,4,62205,3562,6850553,908.028884675442,51.995802382669
25,"Massachusetts",2020,5,96965,6846,6850553,1415.43317743838,99.9335382121706
25,"Massachusetts",2020,6,108882,8095,6850553,1589.3899368416,118.165642978019
25,"Massachusetts",2020,7,117612,8609,6850553,1716.82490450041,125.668686892868
25,"Massachusetts",2020,8,128533,9060,6850553,1876.2426916484,132.252097020489
25,"Massachusetts",2020,9,132116,9456,6850553,1928.54503862681,138.032652254497
25,"Massachusetts",2020,10,158576,9991,6850553,2314.79122926281,145.842240765089
25,"Massachusetts",2020,11,226132,10748,6850553,3300.93059640587,156.892443573533
25,"Massachusetts",2020,12,375178,12423,6850553,5476.60896864822,181.343024424452
25,"Massachusetts",2021,13,524025,14577,6850553,7649.38246591188,212.785741530647
25,"Massachusetts",2021,14,581148,16118,6850553,8483.22755841755,235.280275913492
25,"Massachusetts",2021,15,635580,17185,6850553,9277.79115058303,250.855660849569
25,"Massachusetts",2021,16,688973,17610,6850553,10057.1880839401,257.059539572937
25,"Massachusetts",2021,17,706945,17872,6850553,10319.5318684492,260.884048338871
25,"Massachusetts",2021,18,709966,17994,6850553,10363.630498151,262.66492646652
25,"Massachusetts",2021,19,719780,18082,6850553,10506.8890058949,263.9494942963
25,"Massachusetts",2021,20,759869,18246,6850553,11092.082639168,266.343461615435
25,"Massachusetts",2021,21,811951,18627,6850553,11852.3424313336,271.905056423912
25,"Massachusetts",2021,22,841198,18896,6850553,12279.2714690332,275.831746721761
26,"Michigan",2020,1,0,0,9965265,0,0
26,"Michigan",2020,2,0,0,9965265,0,0
26,"Michigan",2020,3,7629,264,9965265,76.5559169776218,2.64920200315797
26,"Michigan",2020,4,41348,3788,9965265,414.921228888544,38.0120348028878
26,"Michigan",2020,5,57355,5491,9965265,575.549170042141,55.1013946944712
26,"Michigan",2020,6,70850,6197,9965265,710.969552741447,62.1860030817043
26,"Michigan",2020,7,90752,6453,9965265,910.683258297697,64.7549262362817
26,"Michigan",2020,8,113163,6756,9965265,1135.57441774002,67.7954876262698
26,"Michigan",2020,9,138074,7084,9965265,1385.55271736376,71.0869204180722
26,"Michigan",2020,10,197164,7699,9965265,1978.51236269181,77.2583569027015
26,"Michigan",2020,11,388102,9565,9965265,3894.54771147581,95.9833983341135
26,"Michigan",2020,12,526668,13010,9965265,5285.03757802728,130.553477504111
26,"Michigan",2021,13,607901,15516,9965265,6100.1990413702,155.700826821966
26,"Michigan",2021,14,644564,16498,9965265,6468.10696955876,165.555055485228
26,"Michigan",2021,15,744823,17112,9965265,7474.19160453837,171.716457113785
26,"Michigan",2021,16,934576,18743,9965265,9378.33564887637,188.083307368143
26,"Michigan",2021,17,990199,20361,9965265,9936.50444820083,204.319704493558
26,"Michigan",2021,18,998606,20984,9965265,10020.8674832029,210.571419826768
26,"Michigan",2021,19,1009611,21173,9965265,10131.3010742815,212.468007624484
26,"Michigan",2021,20,1058765,21535,9965265,10624.5543896725,216.100625522753
26,"Michigan",2021,21,1148303,22337,9965265,11523.0553326981,224.148580092953
26,"Michigan",2021,22,1235506,23151,9965265,12398.1248867943,232.316952936023
27,"Minnesota",2020,1,0,0,5563378,0,0
27,"Minnesota",2020,2,0,0,5563378,0,0
27,"Minnesota",2020,3,629,12,5563378,11.3060805862913,0.215696290994428
27,"Minnesota",2020,4,5136,343,5563378,92.3180125456153,6.16531898425741
27,"Minnesota",2020,5,24860,1050,5563378,446.85081617679,18.8734254620125
27,"Minnesota",2020,6,36338,1476,5563378,653.164318512961,26.5306437923147
27,"Minnesota",2020,7,54503,1640,5563378,979.674579005777,29.4784931025719
27,"Minnesota",2020,8,75913,1866,5563378,1364.51271152167,33.5407732496336
27,"Minnesota",2020,9,99187,2089,5563378,1782.85566790536,37.5491293239467
27,"Minnesota",2020,10,148526,2511,5563378,2669.70894301987,45.1344488905841
27,"Minnesota",2020,11,318822,3652,5563378,5730.72690728547,65.643571225971
27,"Minnesota",2020,12,415361,5382,5563378,7465.98559364472,96.739786511001
27,"Minnesota",2021,13,461875,6268,5563378,8302.06036692096,112.665362662756
27,"Minnesota",2021,14,484662,6551,5563378,8711.64964882846,117.752200192042
27,"Minnesota",2021,15,519607,6926,5563378,9339.77522289516,124.492709285617
27,"Minnesota",2021,16,575905,7237,5563378,10351.7143720955,130.082838160556
27,"Minnesota",2021,17,601477,7519,5563378,10811.3631682046,135.151700998925
27,"Minnesota",2021,18,605458,7687,5563378,10882.920412742,138.171449072847
27,"Minnesota",2021,19,612794,7761,5563378,11014.7827453033,139.501576200646
27,"Minnesota",2021,20,650057,7904,5563378,11684.5736529138,142.071957001663
27,"Minnesota",2021,21,711197,8256,5563378,12783.5462555304,148.399048204167
27,"Minnesota",2021,22,768236,8639,5563378,13808.8046506996,155.283354825072
28,"Mississippi",2020,1,0,0,2984418,0,0
28,"Mississippi",2020,2,0,0,2984418,0,0
28,"Mississippi",2020,3,937,20,2984418,31.3964062674867,0.670147412326289
28,"Mississippi",2020,4,6815,261,2984418,228.352730750183,8.74542373085808
28,"Mississippi",2020,5,15501,734,2984418,519.397751923491,24.5944100323748
28,"Mississippi",2020,6,27248,1073,2984418,913.008834553337,35.9534086713054
28,"Mississippi",2020,7,58747,1663,2984418,1968.45750159663,55.722757334931
28,"Mississippi",2020,8,82950,2473,2984418,2779.43639262329,82.8637275341457
28,"Mississippi",2020,9,98190,2969,2984418,3290.08872081592,99.4833833598377
28,"Mississippi",2020,10,120160,3334,2984418,4026.24565325635,111.713573634792
28,"Mississippi",2020,11,153270,3807,2984418,5135.67469436252,127.562559936309
28,"Mississippi",2020,12,215811,4787,2984418,7231.25916007744,160.399783140297
28,"Mississippi",2021,13,275001,6045,2984418,9214.5604268571,202.552055375621
28,"Mississippi",2021,14,294795,6681,2984418,9877.80532083643,223.862743087597
28,"Mississippi",2021,15,305146,7032,2984418,10224.6401140859,235.623830173923
28,"Mississippi",2021,16,311900,7199,2984418,10450.9488952285,241.219561066848
28,"Mississippi",2021,17,317713,7316,2984418,10645.7272406211,245.139923428957
28,"Mississippi",2021,18,321764,7412,2984418,10781.4655989878,248.356631008123
28,"Mississippi",2021,19,343505,7543,2984418,11509.9493435571,252.74609655886
28,"Mississippi",2021,20,436722,8409,2984418,14633.4059102981,281.763479512588
28,"Mississippi",2021,21,488394,9600,2984418,16364.7987647843,321.670757916619
28,"Mississippi",2021,22,500708,9977,2984418,16777.4085265536,334.30303663897
29,"Missouri",2020,1,0,0,6104910,0,0
29,"Missouri",2020,2,0,0,6104910,0,0
29,"Missouri",2020,3,1350,15,6104910,22.1133481083259,0.245703867870288
29,"Missouri",2020,4,7563,341,6104910,123.883890180199,5.58566792958455
29,"Missouri",2020,5,13297,784,6104910,217.808288738081,12.8421221606871
29,"Missouri",2020,6,22275,1037,6104910,364.870243787378,16.9863273987659
29,"Missouri",2020,7,51074,1305,6104910,836.605289840473,21.3762365047151
29,"Missouri",2020,8,86328,1623,6104910,1414.07490036708,26.5851585035652
29,"Missouri",2020,9,130065,2157,6104910,2130.49823830327,35.3322161997474
29,"Missouri",2020,10,189925,3090,6104910,3111.0204736843,50.6149967812793
29,"Missouri",2020,11,314981,3981,6104910,5159.47000037675,65.2098065327744
29,"Missouri",2020,12,418637,5887,6104910,6857.38200890758,96.430578010159
29,"Missouri",2021,13,499530,7176,6104910,8182.43020781633,117.544730389146
29,"Missouri",2021,14,524600,8383,6104910,8593.08327231687,137.315701623775
29,"Missouri",2021,15,588900,8977,6104910,9646.33385258751,147.045574791438
29,"Missouri",2021,16,600910,9243,6104910,9843.06074946232,151.402723381671
29,"Missouri",2021,17,615408,9676,6104910,10080.5417278879,158.495375034194
29,"Missouri",2021,18,634733,9919,6104910,10397.0902109941,162.475777693692
29,"Missouri",2021,19,695726,10310,6104910,11396.1712785283,168.880458516178
29,"Missouri",2021,20,774864,11271,6104910,12692.4721248962,184.621886317734
29,"Missouri",2021,21,837141,12192,6104910,13712.5854435201,199.70810380497
29,"Missouri",2021,22,862643,12658,6104910,14130.3147794153,207.341303966807
30,"Montana",2020,1,0,0,1050649,0,0
30,"Montana",2020,2,0,0,1050649,0,0
30,"Montana",2020,3,198,5,1050649,18.845494546704,0.475896326936969
30,"Montana",2020,4,452,16,1050649,43.021027955102,1.5228682461983
30,"Montana",2020,5,515,17,1050649,49.0173216745078,1.6180475115857
30,"Montana",2020,6,967,22,1050649,92.0383496296099,2.09394383852267
30,"Montana",2020,7,3977,60,1050649,378.527938445665,5.71075592324363
30,"Montana",2020,8,7440,104,1050649,708.13373448221,9.89864360028896
30,"Montana",2020,9,13179,180,1050649,1254.36753854046,17.1322677697309
30,"Montana",2020,10,32801,377,1050649,3121.97508397191,35.8825830510475
30,"Montana",2020,11,62256,684,1050649,5925.48034595759,65.1026175249774
30,"Montana",2020,12,81701,962,1050649,7776.24116141547,91.5624533026729
30,"Montana",2021,13,93961,1234,1050649,8943.13895506492,117.451213488044
30,"Montana",2021,14,99999,1358,1050649,9517.831359474,129.253442396081
30,"Montana",2021,15,104677,1437,1050649,9963.07996295623,136.772604361685
30,"Montana",2021,16,108931,1572,1050649,10367.9725579142,149.621805188983
30,"Montana",2021,17,111928,1613,1050649,10653.2248162802,153.524155069866
30,"Montana",2021,18,113862,1665,1050649,10837.3015155394,158.473476870011
30,"Montana",2021,19,116480,1704,1050649,11086.4808323236,162.185468220119
30,"Montana",2021,20,127248,1800,1050649,12111.3711620151,171.322677697309
30,"Montana",2021,21,151184,2009,1050649,14389.5820583278,191.215144163274
30,"Montana",2021,22,169674,2242,1050649,16149.4466753407,213.391912998537
31,"Nebraska",2020,1,0,0,1914571,0,0
31,"Nebraska",2020,2,13,0,1914571,0.679003285853593,0
31,"Nebraska",2020,3,199,4,1914571,10.3939733757589,0.208924087954952
31,"Nebraska",2020,4,4332,70,1914571,226.264787255213,3.65617153921166
31,"Nebraska",2020,5,14101,178,1914571,736.509641063194,9.29712191399535
31,"Nebraska",2020,6,19194,279,1914571,1002.52223605184,14.5724551348579
31,"Nebraska",2020,7,26211,338,1914571,1369.02731734681,17.6540854321934
31,"Nebraska",2020,8,34287,402,1914571,1790.84505092786,20.9968708394727
31,"Nebraska",2020,9,45564,493,1914571,2379.85428589486,25.7498938404478
31,"Nebraska",2020,10,70761,654,1914571,3695.91934694509,34.1590883806346
31,"Nebraska",2020,11,129043,1047,1914571,6740.04777049271,54.6858800222086
31,"Nebraska",2020,12,167795,1690,1914571,8764.10433460028,88.2704271609671
31,"Nebraska",2021,13,191763,2025,1914571,10015.9774696264,105.767819527194
31,"Nebraska",2021,14,201298,2199,1914571,10514.000264289,114.856017353235
31,"Nebraska",2021,15,209602,2282,1914571,10947.7266708835,119.1911921783
31,"Nebraska",2021,16,219826,2366,1914571,11481.7366396963,123.578598025354
31,"Nebraska",2021,17,223676,2495,1914571,11682.8260743529,130.316399861901
31,"Nebraska",2021,18,224753,2520,1914571,11739.0788850348,131.62217541162
31,"Nebraska",2021,19,228450,2550,1914571,11932.1769733272,133.189106071282
31,"Nebraska",2021,20,244254,2590,1914571,12757.6360448372,135.278346950831
31,"Nebraska",2021,21,266449,2684,1914571,13916.9035778772,140.188063017773
31,"Nebraska",2021,22,278976,2749,1914571,14571.2015903302,143.583079447041
32,"Nevada",2020,1,0,0,2972382,0,0
32,"Nevada",2020,2,0,0,2972382,0,0
32,"Nevada",2020,3,1113,26,2972382,37.4447160560116,0.874719332844836
32,"Nevada",2020,4,5053,243,2972382,169.998338033268,8.17526145697289
32,"Nevada",2020,5,8628,419,2972382,290.272246299433,14.0964384793072
32,"Nevada",2020,6,18582,507,2972382,625.155178573952,17.0570269904743
32,"Nevada",2020,7,48142,831,2972382,1619.643773916,27.9573755997715
32,"Nevada",2020,8,69318,1305,2972382,2332.06902746686,43.9041818985581
32,"Nevada",2020,9,80084,1600,2972382,2694.27011736715,53.8288820212207
32,"Nevada",2020,10,100844,1779,2972382,3392.69986159249,59.8509881973447
32,"Nevada",2020,11,152726,2149,2972382,5138.16864723309,72.298917164752
32,"Nevada",2020,12,225165,3136,2972382,7575.2376376926,105.504608761593
32,"Nevada",2021,13,278447,4271,2972382,9367.80669510177,143.689471945396
32,"Nevada",2021,14,293815,4957,2972382,9884.8331069156,166.768605111994
32,"Nevada",2021,15,303799,5249,2972382,10220.725330728,176.592376080867
32,"Nevada",2021,16,315438,5464,2972382,10612.2968043811,183.825632102469
32,"Nevada",2021,17,323748,5586,2972382,10891.8705603788,187.930084356587
32,"Nevada",2021,18,333712,5681,2972382,11227.089923166,191.126174226597
32,"Nevada",2021,19,356401,5912,2972382,11990.4171132782,198.89771906841
32,"Nevada",2021,20,390600,6510,2972382,13140.9758234305,219.016263723842
32,"Nevada",2021,21,421319,7150,2972382,14174.4567151867,240.54781653233
32,"Nevada",2021,22,444855,7513,2972382,14966.2795697188,252.760244140894
33,"New Hampshire",2020,1,0,0,1348124,0,0
33,"New Hampshire",2020,2,0,0,1348124,0,0
33,"New Hampshire",2020,3,367,3,1348124,27.2230150935671,0.222531458530521
33,"New Hampshire",2020,4,2146,72,1348124,159.184170002166,5.3407550047325
33,"New Hampshire",2020,5,4651,245,1348124,344.997937875151,18.1734024466592
33,"New Hampshire",2020,6,5782,371,1348124,428.892297741157,27.5197237049411
33,"New Hampshire",2020,7,6583,415,1348124,488.308197168806,30.7835184300554
33,"New Hampshire",2020,8,7275,432,1348124,539.638786936513,32.044530028395
33,"New Hampshire",2020,9,8266,439,1348124,613.148345404429,32.5637700982996
33,"New Hampshire",2020,10,11084,483,1348124,822.179562117431,35.8275648234139
33,"New Hampshire",2020,11,20994,526,1348124,1557.27514679659,39.0171823956847
33,"New Hampshire",2020,12,44028,759,1348124,3265.87168539392,56.3004590082218
33,"New Hampshire",2021,13,65695,1057,1348124,4873.06805605419,78.4052505555869
33,"New Hampshire",2021,14,75424,1170,1348124,5594.73757606867,86.7872688269032
33,"New Hampshire",2021,15,84176,1238,1348124,6243.93601775504,91.8313152202616
33,"New Hampshire",2021,16,94886,1303,1348124,7038.373324709,96.6528301550896
33,"New Hampshire",2021,17,98726,1353,1348124,7323.21359162807,100.361687797265
33,"New Hampshire",2021,18,99504,1372,1348124,7380.92341654032,101.771053701292
33,"New Hampshire",2021,19,100657,1387,1348124,7466.44967376888,102.883710993944
33,"New Hampshire",2021,20,107689,1417,1348124,7988.06341256442,105.109025579249
33,"New Hampshire",2021,21,120268,1481,1348124,8921.1378181829,109.856363361234
33,"New Hampshire",2021,22,131255,1539,1348124,9736.12219647451,114.158638226157
34,"New Jersey",2020,1,0,0,8878503,0,0
34,"New Jersey",2020,2,0,0,8878503,0,0
34,"New Jersey",2020,3,18696,267,8878503,210.576039676959,3.00726372452653
34,"New Jersey",2020,4,118652,7228,8878503,1336.39646233154,81.4101206025385
34,"New Jersey",2020,5,160445,11698,8878503,1807.11770892007,131.75644587832
34,"New Jersey",2020,6,173521,15035,8878503,1954.39478930176,169.341610854893
34,"New Jersey",2020,7,183535,15825,8878503,2067.18407371153,178.239507268286
34,"New Jersey",2020,8,193740,15953,8878503,2182.12462168453,179.681191750456
34,"New Jersey",2020,9,207062,16122,8878503,2332.17243943039,181.584665793321
34,"New Jersey",2020,10,239679,16350,8878503,2699.54292970335,184.152666277187
34,"New Jersey",2020,11,339133,16993,8878503,3819.70924602943,191.394878168088
34,"New Jersey",2020,12,479381,19042,8878503,5399.34491208709,214.473093042825
34,"New Jersey",2021,13,696831,21484,8878503,7848.51905777359,241.977729804225
34,"New Jersey",2021,14,789354,23252,8878503,8890.62041202216,261.890996714198
34,"New Jersey",2021,15,908812,24528,8878503,10236.0949813274,276.262788895831
34,"New Jersey",2021,16,997891,25554,8878503,11239.4060124776,287.818791073225
34,"New Jersey",2021,17,1016332,26212,8878503,11447.1099463502,295.22995036438
34,"New Jersey",2021,18,1023395,26452,8878503,11526.6616455499,297.933108768449
34,"New Jersey",2021,19,1039353,26602,8878503,11706.3991531005,299.622582770992
34,"New Jersey",2021,20,1091966,26882,8878503,12298.9877910724,302.776267575739
34,"New Jersey",2021,21,1154570,27427,8878503,13004.1066607738,308.914689784978
34,"New Jersey",2021,22,1185863,27805,8878503,13356.5647271843,313.172164271387
35,"New Mexico",2020,1,0,0,2092454,0,0
35,"New Mexico",2020,2,0,0,2092454,0,0
35,"New Mexico",2020,3,315,5,2092454,15.0540943791357,0.2389538790339
35,"New Mexico",2020,4,3411,123,2092454,163.014336276927,5.87826542423394
35,"New Mexico",2020,5,7689,356,2092454,367.463275178331,17.0135161872137
35,"New Mexico",2020,6,12147,497,2092454,580.514553724956,23.7520155759697
35,"New Mexico",2020,7,20600,642,2092454,984.489981619668,30.6816780679527
35,"New Mexico",2020,8,25352,779,2092454,1211.59174825349,37.2290143534816
35,"New Mexico",2020,9,29435,877,2092454,1406.72148587257,41.912510382546
35,"New Mexico",2020,10,46490,1018,2092454,2221.7931672572,48.651009771302
35,"New Mexico",2020,11,97095,1568,2092454,4640.2453769593,74.935936465031
35,"New Mexico",2020,12,142897,2479,2092454,6829.15849046144,118.473333225008
35,"New Mexico",2021,13,174064,3285,2092454,8318.65360003135,156.992698525272
35,"New Mexico",2021,14,185132,3716,2092454,8847.60190666079,177.590522897994
35,"New Mexico",2021,15,191652,3939,2092454,9159.197764921,188.247865902906
35,"New Mexico",2021,16,197733,4069,2092454,9449.81347260203,194.460666757788
35,"New Mexico",2021,17,202821,4265,2092454,9692.97293990692,203.827658815917
35,"New Mexico",2021,18,205542,4342,2092454,9823.01164087717,207.507548553039
35,"New Mexico",2021,19,210416,4412,2092454,10055.9438821594,210.852902859513
35,"New Mexico",2021,20,232614,4520,2092454,11116.8035235183,216.014306646646
35,"New Mexico",2021,21,253024,4803,2092454,12092.2132577347,229.539096199964
35,"New Mexico",2021,22,267909,4975,2092454,12803.5789556186,237.75910963873
36,"New York",2020,1,0,0,19572319,0,0
36,"New York",2020,2,0,0,19572319,0,0
36,"New York",2020,3,76211,1929,19572319,389.381554633357,9.85575597863493
36,"New York",2020,4,309696,23616,19572319,1582.31633154967,120.660203831748
36,"New York",2020,5,375575,29699,19572319,1918.90904700664,151.739811720829
36,"New York",2020,6,398142,31776,19572319,2034.20964066649,162.351737676052
36,"New York",2020,7,419723,32372,19572319,2144.47250732016,165.396854608797
36,"New York",2020,8,439480,32541,19572319,2245.41608993804,166.260318973955
36,"New York",2020,9,463369,32757,19572319,2367.4711208212,167.363918399245
36,"New York",2020,10,512223,33152,19572319,2617.07874268757,169.382074755679
36,"New York",2020,11,652748,34150,19572319,3335.05702620114,174.481112841049
36,"New York",2020,12,979040,37557,19572319,5002.16658026062,191.888350072365
36,"New York",2021,13,1420164,43178,19572319,7255.98228804671,220.607481412908
36,"New York",2021,14,1644124,47143,19572319,8400.25139586168,240.865683826224
36,"New York",2021,15,1871595,49790,19572319,9562.45910359421,254.38988604263
36,"New York",2021,16,2046322,51728,19572319,10455.184181292,264.291625330652
36,"New York",2021,17,2100633,52758,19572319,10732.6730164167,269.554159627176
36,"New York",2021,18,2113147,53095,19572319,10796.6102534912,271.275979100892
36,"New York",2021,19,2148445,53266,19572319,10976.9567929074,272.149661979247
36,"New York",2021,20,2276228,53847,19572319,11629.832928842,275.118140063014
36,"New York",2021,21,2424535,54933,19572319,12387.5714472056,280.666792729058
36,"New York",2021,22,2522102,55664,19572319,12886.066285758,284.40165930261
37,"North Carolina",2020,1,0,0,10264876,0,0
37,"North Carolina",2020,2,0,0,10264876,0,0
37,"North Carolina",2020,3,1527,10,10264876,14.8759712245915,0.0974195888971284
37,"North Carolina",2020,4,10507,385,10264876,102.358762054213,3.75065417253944
37,"North Carolina",2020,5,28686,911,10264876,279.457832710303,8.8749245485284
37,"North Carolina",2020,6,65064,1362,10264876,633.850813200276,13.2685480077889
37,"North Carolina",2020,7,122370,1947,10264876,1192.12350933416,18.9675939582709
37,"North Carolina",2020,8,167989,2733,10264876,1636.54193192397,26.6247736455852
37,"North Carolina",2020,9,211004,3565,10264876,2055.59229356497,34.7300834418263
37,"North Carolina",2020,10,274805,4400,10264876,2677.13901268754,42.8646191147365
37,"North Carolina",2020,11,364968,5296,10264876,3555.50325206072,51.5934142799192
37,"North Carolina",2020,12,541070,6811,10264876,5271.08169645693,66.3524819978342
37,"North Carolina",2021,13,758158,9381,10264876,7385.94406790691,91.3893163443962
37,"North Carolina",2021,14,859527,11241,10264876,8373.47669859821,109.509359879262
37,"North Carolina",2021,15,915456,12137,10264876,8918.33471734096,118.238155044445
37,"North Carolina",2021,16,970599,12676,10264876,9455.53555639639,123.489070886
37,"North Carolina",2021,17,1001893,13101,10264876,9760.40041789107,127.629403414128
37,"North Carolina",2021,18,1014682,13450,10264876,9884.99033013161,131.029347066638
37,"North Carolina",2021,19,1049288,13651,10264876,10222.120559469,132.98748080347
37,"North Carolina",2021,20,1215455,14485,10264876,11840.9126422959,141.112274517491
37,"North Carolina",2021,21,1397529,16541,10264876,13614.6700651815,161.14174199474
37,"North Carolina",2021,22,1462963,17713,10264876,14252.125403171,172.559317813484
38,"North Dakota",2020,1,0,0,756717,0,0
38,"North Dakota",2020,2,0,0,756717,0,0
38,"North Dakota",2020,3,126,3,756717,16.6508747655993,0.396449399180936
38,"North Dakota",2020,4,1067,19,756717,141.003836308686,2.51084619481259
38,"North Dakota",2020,5,2580,64,756717,340.946483295605,8.45758718252663
38,"North Dakota",2020,6,3585,88,756717,473.757032021218,11.6291823759741
38,"North Dakota",2020,7,6473,107,756717,855.405653632732,14.1400285707867
38,"North Dakota",2020,8,11820,147,756717,1562.01063277289,19.4260205598658
38,"North Dakota",2020,9,21849,250,756717,2887.34097423475,33.0374499317446
38,"North Dakota",2020,10,43921,529,756717,5804.15135380862,69.9072440555716
38,"North Dakota",2020,11,79258,933,756717,10473.9288267609,123.295763145271
38,"North Dakota",2020,12,92502,1299,756717,12224.120774345,171.662589845345
38,"North Dakota",2021,13,97655,1447,756717,12905.0886923381,191.220760204938
38,"North Dakota",2021,14,99839,1475,756717,13193.7038549418,194.920954597293
38,"North Dakota",2021,15,103123,1498,756717,13627.6837972452,197.960399991014
38,"North Dakota",2021,16,107504,1523,756717,14206.6320698491,201.264144984188
38,"North Dakota",2021,17,109975,1543,756717,14533.1742249745,203.907140978728
38,"North Dakota",2021,18,110738,1559,756717,14634.0045221661,206.02153777436
38,"North Dakota",2021,19,111675,1570,756717,14757.8288845103,207.475185571356
38,"North Dakota",2021,20,117529,1592,756717,15531.4338121121,210.38248116535
38,"North Dakota",2021,21,132192,1645,756717,17469.1463255087,217.38642055088
38,"North Dakota",2021,22,143555,1737,756717,18970.7644998064,229.544202125762
39,"Ohio",2020,1,0,0,11655397,0,0
39,"Ohio",2020,2,0,0,11655397,0,0
39,"Ohio",2020,3,2199,55,11655397,18.8667962146635,0.471884398274894
39,"Ohio",2020,4,18027,975,11655397,154.666546321846,8.36522342396402
39,"Ohio",2020,5,35513,2155,11655397,304.691466107933,18.4892886960436
39,"Ohio",2020,6,51789,2863,11655397,444.334929131972,24.5637278592913
39,"Ohio",2020,7,91159,3489,11655397,782.118361133473,29.9346302832928
39,"Ohio",2020,8,123157,4138,11655397,1056.65212433347,35.5028661829365
39,"Ohio",2020,9,153987,4804,11655397,1321.16477885738,41.2169572602289
39,"Ohio",2020,10,215697,5301,11655397,1850.61907372181,45.4810762773675
39,"Ohio",2020,11,421063,6429,11655397,3612.60109801494,55.1589963001689
39,"Ohio",2020,12,700380,8962,11655397,6009.06172479582,76.8914177698108
39,"Ohio",2021,13,895792,11178,11655397,7685.64125271752,95.9040691621229
39,"Ohio",2021,14,967422,17299,11655397,8300.20633359807,148.420512831952
39,"Ohio",2021,15,1017566,18609,11655397,8730.42762936346,159.659941227227
39,"Ohio",2021,16,1072312,19284,11655397,9200.13277968996,165.45124975151
39,"Ohio",2021,17,1101934,19861,11655397,9454.28113688448,170.40174607523
39,"Ohio",2021,18,1111324,20309,11655397,9534.84467324451,174.245458992088
39,"Ohio",2021,19,1129277,20492,11655397,9688.87632055776,175.815547080893
39,"Ohio",2021,20,1220900,20866,11655397,10474.9756700694,179.024360989162
39,"Ohio",2021,21,1413972,21945,11655397,12131.4786617736,188.281874911683
39,"Ohio",2021,22,1511760,23616,11655397,12970.4719624737,202.618580902907
40,"Oklahoma",2020,1,0,0,3932870,0,0
40,"Oklahoma",2020,2,0,0,3932870,0,0
40,"Oklahoma",2020,3,566,23,3932870,14.3915257814268,0.584814651895435
40,"Oklahoma",2020,4,3618,222,3932870,91.9938874155515,5.64473272699072
40,"Oklahoma",2020,5,6506,334,3932870,165.426266314422,8.49252581448154
40,"Oklahoma",2020,6,13757,387,3932870,349.795442005457,9.84014218624058
40,"Oklahoma",2020,7,36456,541,3932870,926.95664997826,13.7558576815405
40,"Oklahoma",2020,8,58733,800,3932870,1493.38778042498,20.341379196363
40,"Oklahoma",2020,9,87199,1031,3932870,2217.18490567957,26.2149524393128
40,"Oklahoma",2020,10,122762,1337,3932870,3121.43549112989,33.9955299819216
40,"Oklahoma",2020,11,197745,1743,3932870,5028.00753648099,44.3187799240758
40,"Oklahoma",2020,12,290936,2489,3932870,7397.54937234132,63.2871160246843
40,"Oklahoma",2021,13,389472,3547,3932870,9902.99704795734,90.1885900118743
40,"Oklahoma",2021,14,424508,4428,3932870,10793.8477498621,112.589533851869
40,"Oklahoma",2021,15,438364,4953,3932870,11146.1604375431,125.938563949482
40,"Oklahoma",2021,16,448305,6788,3932870,11398.9275007819,172.59660248114
40,"Oklahoma",2021,17,453172,7291,3932870,11522.6793664677,185.386244650853
40,"Oklahoma",2021,18,457851,7388,3932870,11641.6510080425,187.852636878412
40,"Oklahoma",2021,19,480635,7485,3932870,12220.9734875549,190.319029105971
40,"Oklahoma",2021,20,551958,7812,3932870,14034.4837230826,198.633567852484
40,"Oklahoma",2021,21,613765,8949,3932870,15606.0332530696,227.543753035315
40,"Oklahoma",2021,22,637908,10540,3932870,16219.9106504919,267.997670912082
41,"Oregon",2020,1,0,0,4129803,0,0
41,"Oregon",2020,2,1,0,4129803,0.0242142300734442,0
41,"Oregon",2020,3,690,18,4129803,16.7078187506765,0.435856141321995
41,"Oregon",2020,4,2510,103,4129803,60.7777174843449,2.49406569756475
41,"Oregon",2020,5,4243,153,4129803,102.740978201624,3.70477720123696
41,"Oregon",2020,6,8695,210,4129803,210.542730488597,5.08498831542328
41,"Oregon",2020,7,18510,325,4129803,448.205398659452,7.86962477386936
41,"Oregon",2020,8,26723,467,4129803,647.076870252649,11.3080454442984
41,"Oregon",2020,9,33554,560,4129803,812.484275884346,13.5599688411287
41,"Oregon",2020,10,44923,690,4129803,1087.77585758933,16.7078187506765
41,"Oregon",2020,11,75454,919,4129803,1827.06051596166,22.2528774374952
41,"Oregon",2020,12,113929,1485,4129803,2758.70301803742,35.9581316590646
41,"Oregon",2021,13,142417,1972,4129803,3448.5180043697,47.7504617048319
41,"Oregon",2021,14,155597,2218,4129803,3767.66155673769,53.7071623028992
41,"Oregon",2021,15,165013,2396,4129803,3995.66274710924,58.0172952559723
41,"Oregon",2021,16,184838,2511,4129803,4475.70985831528,60.8019317144183
41,"Oregon",2021,17,201561,2700,4129803,4880.64442783348,65.3784211982993
41,"Oregon",2021,18,208680,2803,4129803,5053.02553172633,67.872486895864
41,"Oregon",2021,19,219756,2886,4129803,5321.2223440198,69.8822679919599
41,"Oregon",2021,20,276287,3211,4129803,6690.07698430167,77.7518927658293
41,"Oregon",2021,21,330054,3791,4129803,7992.00349266055,91.7961462084269
41,"Oregon",2021,22,356061,4275,4129803,8621.74297418061,103.515833563974
42,"Pennsylvania",2020,1,0,0,12791530,0,0
42,"Pennsylvania",2020,2,0,0,12791530,0,0
42,"Pennsylvania",2020,3,4997,72,12791530,39.0649124850585,0.5628724632628
42,"Pennsylvania",2020,4,48224,2580,12791530,376.999467616462,20.1695966002503
42,"Pennsylvania",2020,5,76218,5555,12791530,595.847408402279,43.4271740753452
42,"Pennsylvania",2020,6,91226,6695,12791530,713.175046300169,52.3393214103395
42,"Pennsylvania",2020,7,116787,7261,12791530,913.002588431564,56.7641243854332
42,"Pennsylvania",2020,8,138840,7743,12791530,1085.4057333251,60.5322428200536
42,"Pennsylvania",2020,9,164135,8216,12791530,1283.15377441166,64.2300021967661
42,"Pennsylvania",2020,10,212816,8883,12791530,1663.72591863522,69.4443901550479
42,"Pennsylvania",2020,11,366971,10439,12791530,2868.85931550018,81.6086895000051
42,"Pennsylvania",2020,12,646060,16020,12791530,5050.6858835495,125.239123075973
42,"Pennsylvania",2021,13,848244,21715,12791530,6631.29430177625,169.76077138544
42,"Pennsylvania",2021,14,935911,24056,12791530,7316.64624951042,188.061944114582
42,"Pennsylvania",2021,15,1030415,25150,12791530,8055.44762823525,196.614478486936
42,"Pennsylvania",2021,16,1156246,26275,12791530,9039.1532521911,205.409360725418
42,"Pennsylvania",2021,17,1206755,27268,12791530,9434.01610284305,213.172310114584
42,"Pennsylvania",2021,18,1216579,27725,12791530,9510.81692338602,216.744986721682
42,"Pennsylvania",2021,19,1229002,27850,12791530,9607.93587631816,217.722195859291
42,"Pennsylvania",2021,20,1300368,28235,12791530,10165.851934835,220.732000003127
42,"Pennsylvania",2021,21,1429940,29400,12791530,11178.8034738612,229.839589165643
42,"Pennsylvania",2021,22,1525813,30815,12791530,11928.3072470611,240.901596603377
72,"Puerto Rico",2020,1,0,0,3318447,0,0
72,"Puerto Rico",2020,2,0,0,3318447,0,0
72,"Puerto Rico",2020,3,239,8,3318447,7.20216414485451,0.241076624095548
72,"Puerto Rico",2020,4,1537,92,3318447,46.3168464043572,2.77238117709881
72,"Puerto Rico",2020,5,3776,136,3318447,113.788166573099,4.09830260962432
72,"Puerto Rico",2020,6,7465,153,3318447,224.954624859159,4.61059043582736
72,"Puerto Rico",2020,7,16781,219,3318447,505.688353618425,6.59947258461564
72,"Puerto Rico",2020,8,33199,434,3318447,1000.43785541851,13.0784068571835
72,"Puerto Rico",2020,9,48755,661,3318447,1469.21135097231,19.9189560658947
72,"Puerto Rico",2020,10,66128,822,3318447,1992.7393747738,24.7706231258176
72,"Puerto Rico",2020,11,86160,1106,3318447,2596.39524150906,33.3288432812096
72,"Puerto Rico",2020,12,109906,1503,3318447,3311.97093098067,45.2922707519511
72,"Puerto Rico",2021,13,127239,1829,3318447,3834.29357166168,55.1161431838447
72,"Puerto Rico",2021,14,133912,2036,3318447,4035.38161073538,61.354000832317
72,"Puerto Rico",2021,15,140720,2113,3318447,4240.53781784069,63.6743633392367
72,"Puerto Rico",2021,16,165052,2303,3318447,4973.77237002731,69.399933161506
72,"Puerto Rico",2021,17,172305,2502,3318447,5192.33846434793,75.3967141858827
72,"Puerto Rico",2021,18,173641,2549,3318447,5232.59826057189,76.8130393524441
72,"Puerto Rico",2021,19,179832,2580,3318447,5419.16143304383,77.7472112708143
72,"Puerto Rico",2021,20,204067,2860,3318447,6149.47293116328,86.1848931141585
72,"Puerto Rico",2021,21,214802,3149,3318447,6472.9676261215,94.8937861596102
72,"Puerto Rico",2021,22,217362,3215,3318447,6550.11214583207,96.8826683083985
44,"Rhode Island",2020,1,0,0,1057231,0,0
44,"Rhode Island",2020,2,0,0,1057231,0,0
44,"Rhode Island",2020,3,488,8,1057231,46.1583135568291,0.756693664866051
44,"Rhode Island",2020,4,8621,266,1057231,815.432010601278,25.1600643567962
44,"Rhode Island",2020,5,14928,718,1057231,1411.99037864005,67.9132564217281
44,"Rhode Island",2020,6,16813,950,1057231,1590.28632342411,89.8573727028436
44,"Rhode Island",2020,7,19022,1007,1057231,1799.22836163525,95.2488150650142
44,"Rhode Island",2020,8,21949,1048,1057231,2076.08365626812,99.1268700974527
44,"Rhode Island",2020,9,24748,1114,1057231,2340.83185226313,105.369592832598
44,"Rhode Island",2020,10,32874,1201,1057231,3109.44344235082,113.598636438016
44,"Rhode Island",2020,11,56723,1373,1057231,5365.24184402463,129.867550232636
44,"Rhode Island",2020,12,87949,1777,1057231,8318.80639141304,168.080580308372
44,"Rhode Island",2021,13,114438,2154,1057231,10824.3137024926,203.739769265184
44,"Rhode Island",2021,14,125622,2502,1057231,11882.1714459754,236.655943686857
44,"Rhode Island",2021,15,137329,2619,1057231,12989.4980377987,247.722588535523
44,"Rhode Island",2021,16,148186,2671,1057231,14016.4259277301,252.641097357153
44,"Rhode Island",2021,17,151743,2708,1057231,14352.8708484711,256.140805557158
44,"Rhode Island",2021,18,152613,2730,1057231,14435.1612845253,258.22171313554
44,"Rhode Island",2021,19,154339,2740,1057231,14598.4179427202,259.167580216622
44,"Rhode Island",2021,20,162617,2770,1057231,15381.4067124403,262.00518145987
44,"Rhode Island",2021,21,172361,2838,1057231,16303.0595962472,268.437077611232
44,"Rhode Island",2021,22,177804,2871,1057231,16817.8950484804,271.558438978804
45,"South Carolina",2020,1,0,0,5020806,0,0
45,"South Carolina",2020,2,0,0,5020806,0,0
45,"South Carolina",2020,3,1083,22,5020806,21.5702419093667,0.438176659285382
45,"South Carolina",2020,4,6095,244,5020806,121.394851742927,4.85977749389242
45,"South Carolina",2020,5,11861,494,5020806,236.236970717451,9.83905771304448
45,"South Carolina",2020,6,36399,739,5020806,724.963282787664,14.7187523278135
45,"South Carolina",2020,7,89016,1712,5020806,1772.94243195216,34.0981109407533
45,"South Carolina",2020,8,118992,2720,5020806,2369.97804734937,54.1745687843745
45,"South Carolina",2020,9,147942,3378,5020806,2946.57869672718,67.2800343211827
45,"South Carolina",2020,10,176612,3935,5020806,3517.60255225954,78.3738706494535
45,"South Carolina",2020,11,217487,4381,5020806,4331.7148680909,87.2569065604208
45,"South Carolina",2020,12,307507,5296,5020806,6124.65408940318,105.481072162517
45,"South Carolina",2021,13,443386,7042,5020806,8830.97255699583,140.256365213075
45,"South Carolina",2021,14,516823,8546,5020806,10293.6261628113,170.211715011494
45,"South Carolina",2021,15,551630,9146,5020806,10986.8813891634,182.161987537459
45,"South Carolina",2021,16,578659,9497,5020806,11525.2212493373,189.152896965149
45,"South Carolina",2021,17,593262,9736,5020806,11816.0709654984,193.913088854658
45,"South Carolina",2021,18,596840,9819,5020806,11887.3344239949,195.566209887416
45,"South Carolina",2021,19,617148,9904,5020806,12291.811314757,197.259165161928
45,"South Carolina",2021,20,735287,10598,5020806,14644.8000579987,211.081647050294
45,"South Carolina",2021,21,857386,12472,5020806,17076.6605999116,248.406331573058
45,"South Carolina",2021,22,890003,13412,5020806,17726.297331544,267.12842519707
46,"South Dakota",2020,1,0,0,870638,0,0
46,"South Dakota",2020,2,0,0,870638,0,0
46,"South Dakota",2020,3,107,1,870638,12.2898380268263,0.114858299316134
46,"South Dakota",2020,4,2450,17,870638,281.402833324528,1.95259108837427
46,"South Dakota",2020,5,4993,62,870638,573.487488485456,7.12121455760029
46,"South Dakota",2020,6,6764,91,870638,776.901536574328,10.4521052377682
46,"South Dakota",2020,7,8764,130,870638,1006.6181352066,14.9315789110974
46,"South Dakota",2020,8,13509,167,870638,1551.62076546165,19.1813359857943
46,"South Dakota",2020,9,22389,223,870638,2571.56246338892,25.6134007474978
46,"South Dakota",2020,10,45992,425,870638,5282.56290214762,48.8147772093568
46,"South Dakota",2020,11,80464,946,870638,9241.95819617338,108.655951153062
46,"South Dakota",2020,12,99164,1488,870638,11389.8083933851,170.909149382407
46,"South Dakota",2021,13,108250,1778,870638,12433.4109009715,204.218056184086
46,"South Dakota",2021,14,112427,1888,870638,12913.174017215,216.85246910886
46,"South Dakota",2021,15,117759,1935,870638,13525.5984691686,222.250809176719
46,"South Dakota",2021,16,122660,1967,870638,14088.518994117,225.926274754835
46,"South Dakota",2021,17,124191,2014,870638,14264.36705037,231.324614822693
46,"South Dakota",2021,18,124536,2035,870638,14303.993163634,233.736639108332
46,"South Dakota",2021,19,125216,2043,870638,14382.096807169,234.655505502861
46,"South Dakota",2021,20,132259,2069,870638,15191.0438092525,237.641821285081
46,"South Dakota",2021,21,145018,2142,870638,16656.5208502271,246.026477135158
46,"South Dakota",2021,22,151971,2214,870638,17455.1306053722,254.29627468592
47,"Tennessee",2020,1,0,0,6709356,0,0
47,"Tennessee",2020,2,0,0,6709356,0,0
47,"Tennessee",2020,3,2049,13,6709356,30.5394437260446,0.193759281814827
47,"Tennessee",2020,4,10506,200,6709356,156.587308826659,2.98091202792041
47,"Tennessee",2020,5,22832,360,6709356,340.300917107395,5.36564165025675
47,"Tennessee",2020,6,42815,597,6709356,638.138742377063,8.89802240334244
47,"Tennessee",2020,7,103144,1047,6709356,1537.31595103912,15.6050744661634
47,"Tennessee",2020,8,152033,1727,6709356,2265.98499170412,25.7401753610928
47,"Tennessee",2020,9,193357,2429,6709356,2881.90103491304,36.2031765790934
47,"Tennessee",2020,10,256923,3322,6709356,3829.32430474698,49.5129487837581
47,"Tennessee",2020,11,366412,4546,6709356,5461.20968987187,67.756130394631
47,"Tennessee",2020,12,572579,6846,6709356,8534.03814017322,102.036618715716
47,"Tennessee",2021,13,713290,9557,6709356,10631.2737019768,142.442881254177
47,"Tennessee",2021,14,761232,11317,6709356,11345.8281241896,168.674907099877
47,"Tennessee",2021,15,797531,11798,6709356,11886.848752697,175.844000527025
47,"Tennessee",2021,16,832853,12100,6709356,12413.307625948,180.345177689185
47,"Tennessee",2021,17,848020,12341,6709356,12639.3650895853,183.937176682829
47,"Tennessee",2021,18,854211,12466,6709356,12731.6392214096,185.800246700279
47,"Tennessee",2021,19,879858,12638,6709356,13113.89647531,188.363831044291
47,"Tennessee",2021,20,1032434,13378,6709356,15387.9746431699,199.393205547597
47,"Tennessee",2021,21,1200264,15026,6709356,17889.4069713993,223.955920657661
47,"Tennessee",2021,22,1242067,15971,6709356,18512.4622989151,238.040729989585
48,"Texas",2020,1,0,0,28260856,0,0
48,"Texas",2020,2,11,0,28260856,0.0389230956061628,0
48,"Texas",2020,3,3588,57,28260856,12.6960060940829,0.201692404504662
48,"Texas",2020,4,29072,828,28260856,102.870203223851,2.92984756017298
48,"Texas",2020,5,64974,1683,28260856,229.908110355893,5.95523362774291
48,"Texas",2020,6,166703,2482,28260856,589.872436984924,8.7824657540451
48,"Texas",2020,7,443090,7273,28260856,1567.85767564861,25.7352431221475
48,"Texas",2020,8,640317,12857,28260856,2265.7381644774,45.4940218371305
48,"Texas",2020,9,784027,16102,28260856,2774.25071625573,56.9763350409485
48,"Texas",2020,10,953451,18549,28260856,3373.75131170832,65.6349545817013
48,"Texas",2020,11,1261943,21968,28260856,4465.33891259345,77.7329603887441
48,"Texas",2020,12,1770527,28155,28260856,6264.94469948115,99.6254324355922
48,"Texas",2021,13,2372960,37242,28260856,8396.63172269092,131.77944786952
48,"Texas",2021,14,2650283,43949,28260856,9377.92896294436,155.511920799568
48,"Texas",2021,15,2790030,48537,28260856,9872.41858491477,171.746390130575
48,"Texas",2021,16,2889252,50403,28260856,10223.5119842088,178.349162530675
48,"Texas",2021,17,2947933,51673,28260856,10431.1525454148,182.843010841568
48,"Texas",2021,18,2993964,52518,28260856,10594.0315466736,185.833012276769
48,"Texas",2021,19,3132348,53402,28260856,11083.6982432521,188.96101377821
48,"Texas",2021,20,3604438,57205,28260856,12754.1713527715,202.417789468231
48,"Texas",2021,21,4059956,65532,28260856,14366.0050495286,231.882572842097
48,"Texas",2021,22,4194234,70128,28260856,14841.1428160562,248.145349878999
49,"Utah",2020,1,0,0,3096848,0,0
49,"Utah",2020,2,1,0,3096848,0.0322908970669532,0
49,"Utah",2020,3,887,5,3096848,28.6420256983875,0.161454485334766
49,"Utah",2020,4,4672,46,3096848,150.863071096806,1.48538126507985
49,"Utah",2020,5,9829,113,3096848,317.387227271083,3.64887136856572
49,"Utah",2020,6,22364,172,3096848,722.153622005342,5.55403429551596
49,"Utah",2020,7,40258,308,3096848,1299.9669341214,9.9455962966216
49,"Utah",2020,8,52166,409,3096848,1684.48693639468,13.2069769003839
49,"Utah",2020,9,73053,460,3096848,2358.94690343214,14.8538126507985
49,"Utah",2020,10,114670,604,3096848,3702.79716666753,19.5037018284398
49,"Utah",2020,11,195744,871,3096848,6320.74935547369,28.1253713453163
49,"Utah",2020,12,276612,1270,3096848,8932.04961948407,41.0094392750306
49,"Utah",2021,13,346624,1665,3096848,11192.7999049356,53.7643436164771
49,"Utah",2021,14,371291,1935,3096848,11989.3194628861,62.4828858245545
49,"Utah",2021,15,385700,2122,3096848,12454.5989987239,68.5212835760748
49,"Utah",2021,16,397388,2202,3096848,12832.0150036424,71.104555341431
49,"Utah",2021,17,406240,2302,3096848,13117.8540244791,74.3336450481264
49,"Utah",2021,18,415210,2371,3096848,13407.5033711697,76.5617169457461
49,"Utah",2021,19,432539,2451,3096848,13967.0723264429,79.1449887111024
49,"Utah",2021,20,464502,2634,3096848,14999.1862693939,85.0542228743548
49,"Utah",2021,21,508593,2932,3096848,16422.9242119729,94.6769102003069
49,"Utah",2021,22,537383,3118,3096848,17352.5791385305,100.68301705476
50,"Vermont",2020,1,0,0,624313,0,0
50,"Vermont",2020,2,0,0,624313,0,0
50,"Vermont",2020,3,293,13,624313,46.931587200651,2.08228885190602
50,"Vermont",2020,4,866,48,624313,138.712472750047,7.68845114549913
50,"Vermont",2020,5,981,55,624313,157.132720286139,8.80968360421776
50,"Vermont",2020,6,1208,56,624313,193.492687161728,8.96985966974899
50,"Vermont",2020,7,1414,57,624313,226.488956661162,9.13003573528022
50,"Vermont",2020,8,1624,58,624313,260.125930422721,9.29021180081145
50,"Vermont",2020,9,1752,58,624313,280.628466810718,9.29021180081145
50,"Vermont",2020,10,2179,58,624313,349.023646792554,9.29021180081145
50,"Vermont",2020,11,4172,69,624313,668.2545453963,11.052148521655
50,"Vermont",2020,12,7412,136,624313,1187.22499771749,21.7839449122475
50,"Vermont",2021,13,11965,174,624313,1916.50662408119,27.8706354024344
50,"Vermont",2021,14,15198,204,624313,2434.35584394366,32.6759173683713
50,"Vermont",2021,15,19275,227,624313,3087.3936631145,36.3599668755896
50,"Vermont",2021,16,22952,246,624313,3676.36105607284,39.4033121206831
50,"Vermont",2021,17,24220,255,624313,3879.46430716644,40.8448967104641
50,"Vermont",2021,18,24410,256,624313,3909.89775961737,41.0050727759954
50,"Vermont",2021,19,24889,260,624313,3986.62209500683,41.6457770381203
50,"Vermont",2021,20,28200,276,624313,4516.96504798074,44.20859408662
50,"Vermont",2021,21,33662,317,624313,5391.84671791233,50.7758127734005
50,"Vermont",2021,22,38090,351,624313,6101.10633608462,56.2217990014624
51,"Virginia",2020,1,0,0,8454463,0,0
51,"Virginia",2020,2,0,0,8454463,0,0
51,"Virginia",2020,3,1249,27,8454463,14.773262358591,0.319357953308211
51,"Virginia",2020,4,15846,552,8454463,187.427634374886,6.52909593430121
51,"Virginia",2020,5,44607,1375,8454463,527.614823082199,16.2635994740293
51,"Virginia",2020,6,62787,1763,8454463,742.649178309728,20.8528915437917
51,"Virginia",2020,7,89888,2174,8454463,1063.20176692476,25.7142292774834
51,"Virginia",2020,8,120594,2580,8454463,1426.39455634261,30.5164266494513
51,"Virginia",2020,9,148271,3208,8454463,1753.76011462821,37.9444560819534
51,"Virginia",2020,10,181190,3654,8454463,2143.12842814499,43.2197763477113
51,"Virginia",2020,11,237835,4062,8454463,2813.12958611328,48.0456298643687
51,"Virginia",2020,12,349584,5032,8454463,4134.90484256658,59.5188600387748
51,"Virginia",2021,13,504779,6464,8454463,5970.56253010984,76.4566596364547
51,"Virginia",2021,14,576050,8552,8454463,6813.56107419241,101.15367469229
51,"Virginia",2021,15,618976,10252,8454463,7321.29290766309,121.261397678362
51,"Virginia",2021,16,659590,10770,8454463,7801.67823787271,127.388339152942
51,"Virginia",2021,17,675538,11186,8454463,7990.31233562676,132.308817248357
51,"Virginia",2021,18,680340,11415,8454463,8047.11073902624,135.017445815305
51,"Virginia",2021,19,694384,11532,8454463,8213.22418703589,136.40133027964
51,"Virginia",2021,20,766435,11842,8454463,9065.44862754737,140.068032706513
51,"Virginia",2021,21,866776,12750,8454463,10252.2892346918,150.807922395544
51,"Virginia",2021,22,913100,13624,8454463,10800.2128579899,161.145657624854
53,"Washington",2020,1,1,0,7404107,0.0135060176737046,0
53,"Washington",2020,2,10,1,7404107,0.135060176737046,0.0135060176737046
53,"Washington",2020,3,5293,226,7404107,71.4873515469185,3.05235999425724
53,"Washington",2020,4,14814,822,7404107,200.07814581826,11.1019465277852
53,"Washington",2020,5,22814,1126,7404107,308.126287207897,15.2077759005914
53,"Washington",2020,6,34541,1333,7404107,466.511356467431,18.0035215590482
53,"Washington",2020,7,58725,1653,7404107,793.140887888303,22.3254472146337
53,"Washington",2020,8,77718,2002,7404107,1049.66068156497,27.0390473827566
53,"Washington",2020,9,91560,2222,7404107,1236.61097820439,30.0103712709716
53,"Washington",2020,10,112580,2468,7404107,1520.50746970566,33.332851618703
53,"Washington",2020,11,172175,2895,7404107,2325.39859297009,39.0999211653748
53,"Washington",2020,12,251064,3523,7404107,3390.87482123097,47.5817002644613
53,"Washington",2021,13,315769,4369,7404107,4264.78169480803,59.0077912164154
53,"Washington",2021,14,342644,5024,7404107,4627.75591978884,67.854232792692
53,"Washington",2021,15,366907,5309,7404107,4955.45242660594,71.7034478296978
53,"Washington",2021,16,404972,5547,7404107,5469.5589893555,74.9178800360395
53,"Washington",2021,17,437500,5809,7404107,5908.88273224577,78.4564566665501
53,"Washington",2021,18,453630,5984,7404107,6126.73479732262,80.8200097594484
53,"Washington",2021,19,474520,6165,7404107,6408.87550652631,83.2645989583889
53,"Washington",2021,20,564787,6638,7404107,7628.0232038786,89.6529453180512
53,"Washington",2021,21,660467,7780,7404107,8920.27897489866,105.076817501422
53,"Washington",2021,22,710571,8475,7404107,9596.98448442196,114.463499784647
54,"West Virginia",2020,1,0,0,1817305,0,0
54,"West Virginia",2020,2,0,0,1817305,0,0
54,"West Virginia",2020,3,162,1,1817305,8.91429892065448,0.0550265365472499
54,"West Virginia",2020,4,1126,44,1817305,61.9598801522034,2.421167608079
54,"West Virginia",2020,5,2010,75,1817305,110.603338459972,4.12699024104374
54,"West Virginia",2020,6,2904,93,1817305,159.797062133214,5.11746789889424
54,"West Virginia",2020,7,6642,116,1817305,365.486255746834,6.38307823948099
54,"West Virginia",2020,8,10250,214,1817305,564.021999609312,11.7756788211115
54,"West Virginia",2020,9,15848,350,1817305,872.060551200817,19.2592877915375
54,"West Virginia",2020,10,24460,457,1817305,1345.94908394573,25.1471272020932
54,"West Virginia",2020,11,47842,735,1817305,2632.57956149353,40.4445043622287
54,"West Virginia",2020,12,85334,1338,1817305,4695.63446972302,73.6255059002204
54,"West Virginia",2021,13,121001,2024,1817305,6658.26594875379,111.373709971634
54,"West Virginia",2021,14,131855,2300,1817305,7255.52397643764,126.561034058675
54,"West Virginia",2021,15,141738,2676,1817305,7799.35123713411,147.251011800441
54,"West Virginia",2021,16,153128,2821,1817305,8426.10348840728,155.229859599792
54,"West Virginia",2021,17,161287,2792,1817305,8875.0650000963,153.634090039922
54,"West Virginia",2021,18,164041,2891,1817305,9026.60808174742,159.081717158099
54,"West Virginia",2021,19,167016,2946,1817305,9190.31202797549,162.108176668198
54,"West Virginia",2021,20,189690,3084,1817305,10437.9837176478,169.701838711719
54,"West Virginia",2021,21,240459,3670,1817305,13231.6259516152,201.947389128407
54,"West Virginia",2021,22,264002,4238,1817305,14527.1157015471,233.202461887245
55,"Wisconsin",2020,1,0,0,5790716,0,0
55,"Wisconsin",2020,2,1,0,5790716,0.0172690216546624,0
55,"Wisconsin",2020,3,1351,25,5790716,23.3304482554489,0.43172554136656
55,"Wisconsin",2020,4,6973,316,5790716,120.416887997961,5.45701084287332
55,"Wisconsin",2020,5,18684,594,5790716,322.654400595712,10.2577988628695
55,"Wisconsin",2020,6,31723,793,5790716,547.825173950855,13.6943341721473
55,"Wisconsin",2020,7,57020,943,5790716,984.67961474885,16.2846874203466
55,"Wisconsin",2020,8,80733,1132,5790716,1394.17992524586,19.5485325130778
55,"Wisconsin",2020,9,129172,1338,5790716,2230.67406517605,23.1059509739383
55,"Wisconsin",2020,10,237870,2092,5790716,4107.78218099454,36.1267933015537
55,"Wisconsin",2020,11,411730,3504,5790716,7110.17428587415,60.510651877937
55,"Wisconsin",2020,12,520438,5245,5790716,8987.45509190919,90.5760185787043
55,"Wisconsin",2021,13,592140,6437,5790716,10225.6784825918,111.160692391062
55,"Wisconsin",2021,14,617380,7019,5790716,10661.5485891555,121.211262994075
55,"Wisconsin",2021,15,636250,7316,5790716,10987.4150277789,126.34016242551
55,"Wisconsin",2021,16,660662,7550,5790716,11408.9863844126,130.381113492701
55,"Wisconsin",2021,17,674630,7856,5790716,11650.2000788849,135.665434119028
55,"Wisconsin",2021,18,677833,8128,5790716,11705.5127552448,140.362608009096
55,"Wisconsin",2021,19,687382,8290,5790716,11870.4146430251,143.160189517151
55,"Wisconsin",2021,20,734157,8462,5790716,12678.173130922,146.130461241753
55,"Wisconsin",2021,21,810382,8888,5790716,13994.5043065486,153.487064466639
55,"Wisconsin",2021,22,865319,9226,5790716,14943.2125491908,159.323993785915
56,"Wyoming",2020,1,0,0,581024,0,0
56,"Wyoming",2020,2,0,0,581024,0,0
56,"Wyoming",2020,3,121,0,581024,20.8253015365975,0
56,"Wyoming",2020,4,559,7,581024,96.2094509004792,1.20476951038167
56,"Wyoming",2020,5,903,16,581024,155.415266839236,2.75375888087239
56,"Wyoming",2020,6,1487,20,581024,255.927465991078,3.44219860109049
56,"Wyoming",2020,7,2726,26,581024,469.171669328634,4.47485818141763
56,"Wyoming",2020,8,3842,37,581024,661.246351269483,6.3680674120174
56,"Wyoming",2020,9,5948,50,581024,1023.70986396431,8.60549650272622
56,"Wyoming",2020,10,13298,87,581024,2288.71784986507,14.9735639147436
56,"Wyoming",2020,11,33305,215,581024,5732.12122046594,37.0036349617228
56,"Wyoming",2020,12,44409,438,581024,7643.22988379137,75.3841493638817
56,"Wyoming",2021,13,51912,596,581024,8934.57068899047,102.577518312497
56,"Wyoming",2021,14,54394,671,581024,9361.7475353858,115.485763066586
56,"Wyoming",2021,15,56310,700,581024,9691.51016137027,120.476951038167
56,"Wyoming",2021,16,58142,707,581024,10006.8155532302,121.681720548549
56,"Wyoming",2021,17,60144,719,581024,10351.3796331993,123.747039709203
56,"Wyoming",2021,18,62290,747,581024,10720.7275430963,128.56611775073
56,"Wyoming",2021,19,65127,776,581024,11209.003414661,133.557305722311
56,"Wyoming",2021,20,75136,858,581024,12931.6517045767,147.670319986782
56,"Wyoming",2021,21,90602,996,581024,15593.5038828,171.421490334306
56,"Wyoming",2021,22,99662,1149,581024,17152.819849094,197.754309632649
